[2026-07-31 20:14:55] === Backfill rapports BRVM ===
[2026-07-31 20:14:55] Découverte de l'annuaire des sociétés (rapports)...
[2026-07-31 20:14:55] Découverte annuaire, page 0: https://www.brvm.org/fr/rapports-societes-cotees
[2026-07-31 20:14:57] Page 0: 30 entrées, dont 30 nouvelles
[2026-07-31 20:14:57] Découverte annuaire, page 1: https://www.brvm.org/fr/rapports-societes-cotees?page=1
[2026-07-31 20:14:59] Page 1: 30 entrées, dont 30 nouvelles
[2026-07-31 20:14:59] Découverte annuaire, page 2: https://www.brvm.org/fr/rapports-societes-cotees?page=2
[2026-07-31 20:15:01] Page 2: 15 entrées, dont 15 nouvelles
[2026-07-31 20:15:01] Découverte annuaire, page 3: https://www.brvm.org/fr/rapports-societes-cotees?page=3
[2026-07-31 20:15:07] Page 3: 0 entrées, dont 0 nouvelles
[2026-07-31 20:15:07] 75 sociétés trouvées dans l'annuaire brvm.org
[2026-07-31 20:15:07] --- À vérifier manuellement (utiliser --set-slug=SYMBOLE:slug) ---
  BICB   suggestion: coris-bank-international       (42%)
  ETIT   suggestion: coris-bank-international       (59%)
  NSBC   suggestion: sicable                        (56%)
  PRSC   suggestion: tractafric-ci                  (74%)
  SDCC   suggestion: sodeci                         (80%)
  SDSC   suggestion: bollore-transport-logistics    (52%)
  SEMC   suggestion: totalenergies-marketing-sn     (46%)
  TTLC   suggestion: totalenergies-marketing-sn     (100%)
  TTLS   suggestion: totalenergies-marketing-sn     (100%)
[2026-07-31 20:15:07] 38 entreprise(s) avec un slug rattaché, à scraper.
[2026-07-31 20:15:07] --- ABJC (servair-abidjan-ci) ---
[2026-07-31 20:15:07] Scraping des rapports pour 'servair-abidjan-ci': https://www.brvm.org/fr/rapports-societe-cotes/servair-abidjan-ci
[2026-07-31 20:15:09] 20 rapport(s) trouvé(s) pour 'servair-abidjan-ci'
[2026-07-31 20:15:10] Échec extraction: SERVAIR ABIDJAN CI : Rapport d'activités - 1er trimestre 2026 (Aucun texte exploitable extrait (PDF probablement scanné/image, sans couche de texte))
[2026-07-31 20:15:10] Échec extraction: SERVAIR ABIDJAN CI : Etats financiers SYSCOHADA - Exercice 2025 (Aucun texte exploitable extrait (PDF probablement scanné/image, sans couche de texte))
[2026-07-31 20:15:10] Échec extraction: SERVAIR ABIDJAN CÔTE D'IVOIRE : Attestation des Commissaires Aux Comptes sur le rapport d'activités - 1er semestre 2025 (Aucun texte exploitable extrait (PDF probablement scanné/image, sans couche de texte))
[2026-07-31 20:15:10] Échec extraction: SERVAIR ABIDJAN CÔTE D'IVOIRE : Rapport d'activités - 1er semestre 2025 (Aucun texte exploitable extrait (PDF probablement scanné/image, sans couche de texte))
[2026-07-31 20:15:10] Échec extraction: SERVAIR ABIDJAN CÔTE D'IVOIRE : Rapport d'activités - 3ème trimestre 2025 (Aucun texte exploitable extrait (PDF probablement scanné/image, sans couche de texte))
[2026-07-31 20:15:10] Échec extraction: SERVAIR ABIDJAN CÔTE D'IVOIRE :  Etats financiers - Norme IFRS - Exercice 2024 (Aucun texte exploitable extrait (PDF probablement scanné/image, sans couche de texte))
[2026-07-31 20:15:10] Échec extraction: SERVAIR ABIDJAN CÔTE D'IVOIRE : Etats financiers - Norme SYSCOHADA - Exercice 2024 (Aucun texte exploitable extrait (PDF probablement scanné/image, sans couche de texte))
[2026-07-31 20:15:10] Échec extraction: SERVAIR ABIDJAN CÔTE D'IVOIRE : Rapport d'activités du 1er trimestre 2025 (Aucun texte exploitable extrait (PDF probablement scanné/image, sans couche de texte))
[2026-07-31 20:15:10] Échec extraction: SERVAIR ABIDJAN CI : Attestation des Commissaires Aux Comptes sur le rapport d'activités sur le rapport d'activités - 1er semestre 2024 (Aucun texte exploitable extrait (PDF probablement scanné/image, sans couche de texte))
[2026-07-31 20:15:10] Échec extraction: SERVAIR ABIDJAN CI : Rapport d'activités - 3ème trimestre 2024 (Aucun texte exploitable extrait (PDF probablement scanné/image, sans couche de texte))
[2026-07-31 20:15:10] Échec extraction: SERVAIR ABIDJAN CI : Rapport d'activités attesté par les Commissaires Aux Comptes - 1er semestre 2024 (Aucun texte exploitable extrait (PDF probablement scanné/image, sans couche de texte))
[2026-07-31 20:15:10] Échec extraction: SERVAIR ABIDJAN CI : Etats financiers provisoires - Exercice 2023 (Aucun texte exploitable extrait (PDF probablement scanné/image, sans couche de texte))
[2026-07-31 20:15:10] Échec extraction: SERVAIR ABIDJAN CI : Rapport d'activités et Attestation des Commissaires Aux Comptes - 1er Semestre 2023 (Aucun texte exploitable extrait (PDF probablement scanné/image, sans couche de texte))
[2026-07-31 20:15:10] Échec extraction: SERVAIR ABIDJAN CI : Rapport d'activités - 1er Semestre 2023 (Aucun texte exploitable extrait (PDF probablement scanné/image, sans couche de texte))
[2026-07-31 20:15:10] --- BICC (bici-ci) ---
[2026-07-31 20:15:10] Scraping des rapports pour 'bici-ci': https://www.brvm.org/fr/rapports-societe-cotes/bici-ci
[2026-07-31 20:15:12] 20 rapport(s) trouvé(s) pour 'bici-ci'
[2026-07-31 20:15:13] Échec extraction: BICI CÔTE D'IVOIRE : Etats financiers - Exercice 2024 (Aucun texte exploitable extrait (PDF probablement scanné/image, sans couche de texte))
[2026-07-31 20:15:13] Échec extraction: BICICI: Rapport d'activité - 1er semestre 2022 (Aucun texte exploitable extrait (PDF probablement scanné/image, sans couche de texte))
[2026-07-31 20:15:13] Échec extraction: BICICI : Rapport d'activité du 2ème trimestre 2022 (Aucun texte exploitable extrait (PDF probablement scanné/image, sans couche de texte))
[2026-07-31 20:15:13] --- BNBC (bernabe-ci) ---
[2026-07-31 20:15:13] Scraping des rapports pour 'bernabe-ci': https://www.brvm.org/fr/rapports-societe-cotes/bernabe-ci
[2026-07-31 20:15:18] 20 rapport(s) trouvé(s) pour 'bernabe-ci'
[2026-07-31 20:15:20] Téléchargé: 20250430_-_etats_financiers_-_exercice_2024_-_bernabe_ci.pdf
[2026-07-31 20:15:22] Téléchargé: 20241120_-_rapport_dactivites_-_3eme_trimestre_2024_-_bernabe_ci.pdf
[2026-07-31 20:15:24] Téléchargé: 20241120_-_attestation_des_cacs_sur_le_rapport_dactivites_-_1er_semestre_2024_-_bernabe_ci.pdf
[2026-07-31 20:15:26] Téléchargé: 20241120_-_rapport_dactivites_-_1er_semestre_2024_-_bernabe_ci.pdf
[2026-07-31 20:15:28] Téléchargé: 20240507_-_etats_financiers_de_synthese_-_bernabe_ci.pdf
[2026-07-31 20:15:30] Téléchargé: 20240502_-_rapport_dactivites_-_1er_trimestre_2024_-_bernabe_ci.pdf
[2026-07-31 20:15:32] Téléchargé: 20231102_-_attestation_des_cac_sur_le_rapport_dactivites_du_1er_semestre_2023_-_bernabe_ci.pdf
[2026-07-31 20:15:32] Échec extraction: BERNABE CÔTE D'IVOIRE : Attestation des Commissaires Aux Comptes sur le Rapport d'activités du 1er semestre 2023 (Aucun texte exploitable extrait (PDF probablement scanné/image, sans couche de texte))
[2026-07-31 20:15:33] Téléchargé: 20231027_-_rapport_dactivites_-_3eme_trimestre_2023_-_bernabe_ci.pdf
[2026-07-31 20:15:35] Téléchargé: 20230801_-_etats_financiers_certifies_et_approuves_-_exercice_2022_-_bernabe_ci.pdf
[2026-07-31 20:15:37] Téléchargé: 20230428_-_rapport_dactivite_-_1er_trimestre_2023_-_bernabe_ci.pdf
[2026-07-31 20:15:39] Téléchargé: 20230425_-_etats_financiers_exercice_2022_-_bernabe_ci.pdf
[2026-07-31 20:15:41] Téléchargé: 20221215_-_rapport_dactivite_-_3eme_trimestre_2022_-_bernabe_ci.pdf
[2026-07-31 20:15:43] Téléchargé: 20220926_-_rapport_dactivite_du_1er_semestre_2022_-_bernabe_ci.pdf
[2026-07-31 20:15:45] Téléchargé: 20220503_-_etats_financiers_exercice_2021_-_bernabe_ci.pdf
[2026-07-31 20:15:47] Téléchargé: 20220503_-_rapport_dactivite_-_1er_trimestre_2022_-_bernabe_ci.pdf
[2026-07-31 20:15:47] --- BOAB (bank-africa-bn) ---
[2026-07-31 20:15:47] Scraping des rapports pour 'bank-africa-bn': https://www.brvm.org/fr/rapports-societe-cotes/bank-africa-bn
[2026-07-31 20:15:49] 20 rapport(s) trouvé(s) pour 'bank-africa-bn'
[2026-07-31 20:15:52] Téléchargé: 20260723_-_rapport_dactivites_-_1er_semestre_2026_-_boa_bn.pdf
[2026-07-31 20:15:52] Échec extraction: BOA BN : Rapport d'activités - 1er semestre 2026 (Aucun texte exploitable extrait (PDF probablement scanné/image, sans couche de texte))
[2026-07-31 20:15:54] Téléchargé: 20260504_-_rapport_dactivites_-_1er_trimestre_2026_-_boa_benin.pdf
[2026-07-31 20:15:54] Échec extraction: BOA BENIN : Rapport d'activités - 1er trimestre 2026 (Aucun texte exploitable extrait (PDF probablement scanné/image, sans couche de texte))
[2026-07-31 20:15:56] Téléchargé: 20260415_-_etats_financiers_-_exercice_2025_-_boa_bn.pdf
[2026-07-31 20:15:56] Échec extraction: BOA BN : Etats financiers - Exercice 2025 (Aucun texte exploitable extrait (PDF probablement scanné/image, sans couche de texte))
[2026-07-31 20:15:58] Téléchargé: 20251205_-_rapport_dactivites_-_3eme_trimestre_2025_-_boa_bn.pdf
[2026-07-31 20:15:58] Échec extraction: BOA BENIN : Rapport d'activités - 3ème trimestre 2025 (Aucun texte exploitable extrait (PDF probablement scanné/image, sans couche de texte))
[2026-07-31 20:16:00] Téléchargé: 20251029_-_rapport_dactivites_-_1er_semestre_2025_-_boa_bn.pdf
[2026-07-31 20:16:00] Échec extraction: BOA BN  : Rapport d'activités - 1er semestre 2025 (Aucun texte exploitable extrait (PDF probablement scanné/image, sans couche de texte))
[2026-07-31 20:16:02] Téléchargé: 20250512_-_rapport_dactivites_-_1er_trimestre_2025_-_boa_benin.pdf
[2026-07-31 20:16:02] Échec extraction: BOA BENIN : Rapport d'activités du 1er trimestre 2025 (Aucun texte exploitable extrait (PDF probablement scanné/image, sans couche de texte))
[2026-07-31 20:16:04] Téléchargé: 20250422_-_etats_financiers_certifies_par_les_commissaires_aux_comptes_-_exercice_2024_-_boa_benin.pdf
[2026-07-31 20:16:04] Échec extraction: BOA BENIN : Etats financiers certifiés par les Commissaires Aux Comptes - Exercice 2024 (Aucun texte exploitable extrait (PDF probablement scanné/image, sans couche de texte))
[2026-07-31 20:16:06] Téléchargé: 20241203_-_rapport_dactivites_-_3eme_trimestre_2024_-_boa_bn.pdf
[2026-07-31 20:16:06] Échec extraction: BOA BENIN : Rapport d'activités - 3ème trimestre 2024 (Aucun texte exploitable extrait (PDF probablement scanné/image, sans couche de texte))
[2026-07-31 20:16:08] Téléchargé: 20241125_-_rapport_dactivites_certifie_par_les_cacs_-_1er_semestre_2024_-_boa_bn.pdf
[2026-07-31 20:16:08] Échec extraction: BOA BENIN : Rapport d'activités certifié par les Commissaires Aux Comptes - 1er semestre 2024 (Aucun texte exploitable extrait (PDF probablement scanné/image, sans couche de texte))
[2026-07-31 20:16:10] Téléchargé: 20240612_-_rapport_dactivites_-_1er_trimestre_2024_-_boa_benin.pdf
[2026-07-31 20:16:10] Échec extraction: BOA BENIN  : Rapport d'activités du1er trimestre 2024 (Aucun texte exploitable extrait (PDF probablement scanné/image, sans couche de texte))
[2026-07-31 20:16:12] Téléchargé: 20240403_-_etats_financiers_-_exercice_2023_-_boa_benin.pdf
[2026-07-31 20:16:14] Téléchargé: 20231124_-_rapport_dactivites_-_3eme_trimestre_2023_-_boa_bn.pdf
[2026-07-31 20:16:14] Échec extraction: BOA BN : Rapport d'activités - 3ème trimestre 2023 (Aucun texte exploitable extrait (PDF probablement scanné/image, sans couche de texte))
[2026-07-31 20:16:16] Téléchargé: 20231103_-_rapport_dactivites_-_1er_semestre_2023_-_boa_bn.pdf
[2026-07-31 20:16:16] Échec extraction: BOA BENIN : Rapport d'activités du 1er Semestre 2023 (Aucun texte exploitable extrait (PDF probablement scanné/image, sans couche de texte))
[2026-07-31 20:16:17] Téléchargé: 20230503_-_rapport_dactivite_-_1er_trimestre_2023_-_boa_benin.pdf
[2026-07-31 20:16:17] Échec extraction: BOA BENIN : Rapport d'activité du 1er trimestre 2023 (Aucun texte exploitable extrait (PDF probablement scanné/image, sans couche de texte))
[2026-07-31 20:16:19] Téléchargé: boa_bn_bilan_hors_bilan_et_compte_de_resultat_2022.pdf
[2026-07-31 20:16:19] Échec extraction: BOA BENIN : Etats financiers 2022 (Aucun texte exploitable extrait (PDF probablement scanné/image, sans couche de texte))
[2026-07-31 20:16:21] Téléchargé: 20221028_-_rapport_dactivite_-_3eme_trimestre_2022_-_boa_bn.pdf
[2026-07-31 20:16:21] Échec extraction: BOA BENIN : Rapport d'activité du 3ème trimestre 2022 (Aucun texte exploitable extrait (PDF probablement scanné/image, sans couche de texte))
[2026-07-31 20:16:23] Téléchargé: 20221004_-_rapport_dactivite_du_1er_semestre_2022_-_boa_bn.pdf
[2026-07-31 20:16:23] Échec extraction: BOA BENIN : Rapport d'activités du 1er semestre 2022 (Aucun texte exploitable extrait (PDF probablement scanné/image, sans couche de texte))
[2026-07-31 20:16:25] Téléchargé: 20220429_-_rapport_dactivite_-_1er_trimestre_2022_-_boa_benin.pdf
[2026-07-31 20:16:25] Échec extraction: BOA BENIN : Rapport d'activité 1er trimestre 2022 (Aucun texte exploitable extrait (PDF probablement scanné/image, sans couche de texte))
[2026-07-31 20:16:28] Téléchargé: 20220420_-_rapport_des_commissaires_aux_comptes_sur_les_etats_financiers_annuels_-_boa_benin.pdf
[2026-07-31 20:16:28] Échec extraction: BOA BENIN : Rapport des Commissaires aux Comptes sur les états financiers annuels 2021 (Aucun texte exploitable extrait (PDF probablement scanné/image, sans couche de texte))
[2026-07-31 20:16:31] Téléchargé: 20220420_-_rapport_special_des_commissaires_aux_comptes_sur_les_conventions_reglementees_-_boa_benin.pdf
[2026-07-31 20:16:31] Échec extraction: BOA BENIN  : Rapport Spécial des Commissaires aux Comptes sur les Conventions Réglementées (Aucun texte exploitable extrait (PDF probablement scanné/image, sans couche de texte))
[2026-07-31 20:16:31] --- BOABF (bank-africa-bf) ---
[2026-07-31 20:16:31] Scraping des rapports pour 'bank-africa-bf': https://www.brvm.org/fr/rapports-societe-cotes/bank-africa-bf
[2026-07-31 20:16:32] 20 rapport(s) trouvé(s) pour 'bank-africa-bf'
[2026-07-31 20:16:35] Téléchargé: 20260430_-_rapport_dactivites_-_1er_trimestre_2026_-_boa_bf.pdf
[2026-07-31 20:16:35] Échec extraction: BOA BF : Rapport d'activités - 1er trimestre 2026 (Aucun texte exploitable extrait (PDF probablement scanné/image, sans couche de texte))
[2026-07-31 20:16:37] Téléchargé: 20260323_-_etats_financiers_-_exercice_2025_-_boa_bf.pdf
[2026-07-31 20:16:37] Échec extraction: BOA BF - Etats financiers - Exercice 2025 (Aucun texte exploitable extrait (PDF probablement scanné/image, sans couche de texte))
[2026-07-31 20:16:40] Téléchargé: 20260323_-_rapport_dactivite_-deuxieme_semestre_2025_-_boa_bf.pdf
[2026-07-31 20:16:40] Échec extraction: BOA BF - Rapport d'activité -Deuxième semestre 2025 (Aucun texte exploitable extrait (PDF probablement scanné/image, sans couche de texte))
[2026-07-31 20:16:42] Téléchargé: 20251031_-_rapport_dactivites_-_3eme_trimestre_2025_-_boa_bf.pdf
[2026-07-31 20:16:42] Échec extraction: BOA BURKINA FASO : Rapport d'activités - 3ème trimestre 2025 (Aucun texte exploitable extrait (PDF probablement scanné/image, sans couche de texte))
[2026-07-31 20:16:44] Téléchargé: 20250922_-_etats_financiers_-_1er_semestre_2025_-_boa_bf_0.pdf
[2026-07-31 20:16:44] Échec extraction: BOA BURKINA FASO - Etats financiers - 1er semestre 2025 (Aucun texte exploitable extrait (PDF probablement scanné/image, sans couche de texte))
[2026-07-31 20:16:46] Téléchargé: 20250922_-_rapport_dactivites_-_1er_semestre_2025_-_boa_bf.pdf
[2026-07-31 20:16:46] Échec extraction: BOA BURKINA FASO : Rapport d'activités - 1er semestre 2025 (Aucun texte exploitable extrait (PDF probablement scanné/image, sans couche de texte))
[2026-07-31 20:16:49] Téléchargé: 20250429_-_rapport_dactivites_-_1er_trimestre_2025_-_boa_bf.pdf
[2026-07-31 20:16:49] Échec extraction: BOA BURKINA FASO : Rapport d'activités du 1er trimestre 2025 (Aucun texte exploitable extrait (PDF probablement scanné/image, sans couche de texte))
[2026-07-31 20:16:51] Téléchargé: 20250416_-_etats_financiers_certifies_par_les_commissaires_aux_comptes_-_exercice_2024_-_boa_bf.pdf
[2026-07-31 20:16:51] Échec extraction: BOA BURKINA FASO : Etats financiers certifiés par les Commissaires Aux Comptes - Exercice 2024 (Aucun texte exploitable extrait (PDF probablement scanné/image, sans couche de texte))
[2026-07-31 20:16:53] Téléchargé: 20250416_-_rapport_dactivites_-_2eme_semestre_2024_-_boa_bf.pdf
[2026-07-31 20:16:53] Échec extraction: BOA BURKINA FASO : Rapport d'activités - 2ème semestre 2024 (Aucun texte exploitable extrait (PDF probablement scanné/image, sans couche de texte))
[2026-07-31 20:16:55] Téléchargé: 20241031_-_rapport_dactivites_-_3eme_trimestre_2024_-_bank_of_africa_bf.pdf
[2026-07-31 20:16:55] Échec extraction: BANK OF AFRICA BURKINA FASO : Rapport d’activités – 3ème trimestre 2024 (Aucun texte exploitable extrait (PDF probablement scanné/image, sans couche de texte))
[2026-07-31 20:16:58] Téléchargé: 20241024_-_etats_financiers_-_1er_semestre_2024_-_boa_bf.pdf
[2026-07-31 20:16:58] Échec extraction: BOA BURKINA FASO : Etats financiers - 1er semestre 2024 (Aucun texte exploitable extrait (PDF probablement scanné/image, sans couche de texte))
[2026-07-31 20:17:00] Téléchargé: 20241024_-_rapport_dactivites_-_1er_semestre_2024_-_boa_bf.pdf
[2026-07-31 20:17:00] Échec extraction: BOA BURKINA FASO : Rapport d'activités - 1er semestre 2024 (Aucun texte exploitable extrait (PDF probablement scanné/image, sans couche de texte))
[2026-07-31 20:17:02] Téléchargé: 20240430_-_rapport_dactivites_-_1er_trimestre_2024_-_boa_bf.pdf
[2026-07-31 20:17:02] Échec extraction: BANK OF AFRICA BF : Rapport d'activités - 1er trimestre 2024 (Aucun texte exploitable extrait (PDF probablement scanné/image, sans couche de texte))
[2026-07-31 20:17:04] Téléchargé: 20240301_-_etats_financiers_certifies_-_exercice_2023_-_boa_bf.pdf
[2026-07-31 20:17:04] Échec extraction: BOA BURKINA FASO : Etats financiers certifiés - Exercice 2023 (Aucun texte exploitable extrait (PDF probablement scanné/image, sans couche de texte))
[2026-07-31 20:17:07] Téléchargé: 20240301_-_rapport_dactivites_-_2eme_semestre_2023_-_boa_bf.pdf
[2026-07-31 20:17:07] Échec extraction: BOA BURKINA FASO : Rapport d'activités du 2ème semestre 2023 (Aucun texte exploitable extrait (PDF probablement scanné/image, sans couche de texte))
[2026-07-31 20:17:09] Téléchargé: 20231030_-_rapport_dactivites_-_3eme_trimestre_2023_-_boa_bf.pdf
[2026-07-31 20:17:09] Échec extraction: BANK OF AFRICA BF : Rapport d'activités - 3ème trimestre 2023 (Aucun texte exploitable extrait (PDF probablement scanné/image, sans couche de texte))
[2026-07-31 20:17:11] Téléchargé: 20230817_-_rapport_dactivites_-_1er_semestre_2023_-_boa_bf.pdf
[2026-07-31 20:17:11] Échec extraction: BOA BF : Rapport d'activités - 1er Semestre 2023 (pdftotext a échoué (code 1): Syntax Error: Document stream is empty)
[2026-07-31 20:17:11] Échec extraction: BOA BF : Etats financiers - 1er Semestre 2023 (Aucun texte exploitable extrait (PDF probablement scanné/image, sans couche de texte))
[2026-07-31 20:17:13] Téléchargé: rapport_activite_premier_trimestre_2023_brvm_boa_burkina_faso.pdf
[2026-07-31 20:17:13] Échec extraction: BOA BURKINA FASO : Rapport d'activité du 1er trimestre 2023 (pdftotext a échoué (code 1): Syntax Error: Document stream is empty)
[2026-07-31 20:17:15] Téléchargé: 20230223_-_etats_financiers_exercice_2022_-_boa_bf.pdf
[2026-07-31 20:17:15] Échec extraction: BOA BURKINA FASO : Etats financiers exercice 2022 (pdftotext a échoué (code 1): Syntax Error: Document stream is empty)
[2026-07-31 20:17:15] --- BOAC (bank-africa-ci) ---
[2026-07-31 20:17:15] Scraping des rapports pour 'bank-africa-ci': https://www.brvm.org/fr/rapports-societe-cotes/bank-africa-ci
[2026-07-31 20:17:17] 20 rapport(s) trouvé(s) pour 'bank-africa-ci'
[2026-07-31 20:17:22] Téléchargé: 20260612_-_rapport_des_commissaires_aux_comptes_et_etats_financiers_annuels_-_exercice_2025_-_boa_ci.pdf
[2026-07-31 20:17:22] Échec extraction: BOA CI : Rapport des Commissaires Aux Comptes et Etats Financiers annuels - Exercice 2025 (Aucun texte exploitable extrait (PDF probablement scanné/image, sans couche de texte))
[2026-07-31 20:17:24] Téléchargé: 20260601_-_rapport_dactivites_-_1er_trimestre_2026_-_boa_ci.pdf
[2026-07-31 20:17:24] Échec extraction: BOA CI : Rapport d'activités - 1er trimestre 2026 (pdftotext a échoué (code 1): Syntax Error: Invalid XRef entry 0 Syntax Error: Missing 'endstream' or incorrect stream length Syntax Error: Couldn't find trailer dictionary Syntax Error: Invalid XRef entry 0 Syntax Error: Missing 'endstream' or incorrect stream length Syntax Error: Couldn't find trailer dictionary Syntax Error: Couldn't read xref table)
[2026-07-31 20:17:26] Téléchargé: 20251201_-_rapport_dactivites_-_3eme_trimestre_2025_-_boa_ci.pdf
[2026-07-31 20:17:26] Échec extraction: BOA CI : Rapport d'activités - 3ème trimestre 2025 (pdftotext a échoué (code 1): Syntax Error: Invalid XRef entry 0 Syntax Error: Missing 'endstream' or incorrect stream length Syntax Error: Couldn't find trailer dictionary Syntax Error: Invalid XRef entry 0 Syntax Error: Missing 'endstream' or incorrect stream length Syntax Error: Couldn't find trailer dictionary Syntax Error: Couldn't read xref table)
[2026-07-31 20:17:28] Téléchargé: 20251106_-_rapport_dactivites_-_1er_semestre_2025_-_boa_ci.pdf
[2026-07-31 20:17:28] Échec extraction: BOA CÔTE D'IVOIRE : Rapport d'activités - 1er semestre 2025 (pdftotext a échoué (code 1): Syntax Error: Invalid XRef entry 5 Internal Error: xref num 5 not found but needed, try to reconstruct Syntax Error: Couldn't find trailer dictionary Syntax Error: Invalid XRef entry 5 Syntax Error (184): Bad 'Length' attribute in stream Syntax Error: Invalid XRef entry 0 Syntax Error: Missing 'endstream' or incorrect stream length Syntax Error: Couldn't find trailer dictionary Syntax Error: Invalid XRef entry 5 Internal Error: xref num 5 not found but needed, try to reconstruct Syntax Error: Couldn't find trailer dictionary Syntax Error: Invalid XRef entry 5 Syntax Error (184): Bad 'Length' attribute in stream Syntax Error: Invalid XRef entry 0 Syntax Error: Missing 'endstream' or incorrect stream length Syntax Error: Couldn't find trailer dictionary Syntax Error: Couldn't read xref table)
[2026-07-31 20:17:30] Téléchargé: 20250516_-_rapport_dactivites_-_1er_trimestre_2025_-_boa_ci.pdf
[2026-07-31 20:17:30] Échec extraction: BOA CÔTE D'IVOIRE : Rapport d'activités du 1er trimestre 2025 (pdftotext a échoué (code 1): Syntax Error: Document stream is empty)
[2026-07-31 20:17:32] Téléchargé: 20250402_-_etats_financiers_-_exercice_2024_-_boa_ci.pdf
[2026-07-31 20:17:34] Téléchargé: 20241120_-_rapport_dactivites_-_3eme_trimestre_2024_-_boa_ci.pdf
[2026-07-31 20:17:37] Téléchargé: 20241016_-_rapport_dactivites_-_1er_semestre_2024_-_boa_ci.pdf
[2026-07-31 20:17:40] Téléchargé: 20240514_-_rapport_dactivites_-_1er_trimestre_2024_-_boa_ci.pdf
[2026-07-31 20:17:43] Téléchargé: 20240314_-_etats_financiers_-_exercice_2023_-_boa_ci.pdf
[2026-07-31 20:17:47] Téléchargé: 20231030_-_rapport_dactivites_-_3eme_trimestre_2023_-_boa_ci.pdf
[2026-07-31 20:17:47] Échec extraction: BANK OF AFRICA CI : Rapport d'activités - 3ème trimestre 2023 (Aucun texte exploitable extrait (PDF probablement scanné/image, sans couche de texte))
[2026-07-31 20:17:50] Téléchargé: 20231010_-_rapport_dactivites_-_1er_semestre_2023_-_boa_ci.pdf
[2026-07-31 20:17:51] Échec extraction: BOA CÔTE D'IVOIRE : Rapport d'activités du 1er Semestre 2023 (Aucun texte exploitable extrait (PDF probablement scanné/image, sans couche de texte))
[2026-07-31 20:17:53] Téléchargé: 20230427_-_rapport_dactivite_-_1er_trimestre_2023_-_boa_ci.pdf
[2026-07-31 20:18:02] Téléchargé: 20230405_-_etats_financiers_exercice_2022_-_boa_ci.pdf
[2026-07-31 20:18:02] Échec extraction: BOA CI : Etats financiers exercice 2022 (Aucun texte exploitable extrait (PDF probablement scanné/image, sans couche de texte))
[2026-07-31 20:18:04] Téléchargé: 20221107_-_rapport_dactivite_-_3eme_trimestre_2022_-_boa_ci.pdf
[2026-07-31 20:18:06] Téléchargé: 20221027_-_etats_financiers_-_1er_semestre_2022_-_boa_ci.pdf
[2026-07-31 20:18:08] Téléchargé: 20221027_-_etats_financiers_certifies_-_1er_semestre_2022_-_boa_ci_0.pdf
[2026-07-31 20:18:10] Téléchargé: 1er_semestre_final_-_boa_ci.pdf
[2026-07-31 20:18:11] Échec extraction: BOA CI: Rapport d'activités du 1er semestre 2022 (Aucun texte exploitable extrait (PDF probablement scanné/image, sans couche de texte))
[2026-07-31 20:18:13] Téléchargé: 20220429_-_rapport_dactivite_-_1er_trimestre_2022_-_boa_ci.pdf
[2026-07-31 20:18:13] Échec extraction: BOA CÔTE D'IVOIRE : Rapport d'activité 1er trimestre 2022 (Aucun texte exploitable extrait (PDF probablement scanné/image, sans couche de texte))
[2026-07-31 20:18:15] Téléchargé: 20211102_-_rapport_dactivite_au_3eme_trimestre_2021_-_boa_ci.pdf
[2026-07-31 20:18:15] Échec extraction: BOA CI : Rapport d'activité au 3ème trimestre 2021 (Aucun texte exploitable extrait (PDF probablement scanné/image, sans couche de texte))
[2026-07-31 20:18:15] --- BOAM (bank-africa-ml) ---
[2026-07-31 20:18:15] Scraping des rapports pour 'bank-africa-ml': https://www.brvm.org/fr/rapports-societe-cotes/bank-africa-ml
[2026-07-31 20:18:16] 20 rapport(s) trouvé(s) pour 'bank-africa-ml'
[2026-07-31 20:18:20] Téléchargé: 20260623_-_rapport_dactivites_-_1er_trimestre_2026_-_boa_mali.pdf
[2026-07-31 20:18:20] Échec extraction: BOA MALI  : Rapport d'activités - 1er trimestre 2026 (Aucun texte exploitable extrait (PDF probablement scanné/image, sans couche de texte))
[2026-07-31 20:18:22] Téléchargé: 20260324_-_etats_financiers_-_exercice_2025_-_boa_ml.pdf
[2026-07-31 20:18:22] Échec extraction: BOA ML : Etats financiers - Exercice 2025 (Aucun texte exploitable extrait (PDF probablement scanné/image, sans couche de texte))
[2026-07-31 20:18:26] Téléchargé: 20251110_-_rapport_dactivites_-_3eme_trimestre_2025_-_boa_ml.pdf
[2026-07-31 20:18:26] Échec extraction: BOA MALI : Rapport d'activités - 3ème trimestre 2025 (Aucun texte exploitable extrait (PDF probablement scanné/image, sans couche de texte))
[2026-07-31 20:18:28] Téléchargé: 20250919_-_rapport_dactivites_-_1er_semestre_2025_-_boa_ml.pdf
[2026-07-31 20:18:30] Téléchargé: 20250603_-_rapport_dactivites_-_1er_trimestre_2025_-_boa_mali.pdf
[2026-07-31 20:18:30] Échec extraction: BOA MALI : Rapport d'activités au 1er trimestre 2025 (pdftotext a échoué (code 1): Syntax Error: Invalid XRef entry 0 Syntax Error: Missing 'endstream' or incorrect stream length Syntax Error: Couldn't find trailer dictionary Syntax Error: Invalid XRef entry 0 Syntax Error: Missing 'endstream' or incorrect stream length Syntax Error: Couldn't find trailer dictionary Syntax Error: Couldn't read xref table)
[2026-07-31 20:18:33] Téléchargé: 20250319_-_etats_financiers_certifies_par_les_cacs_-_exercice_2024_-_boa_mali.pdf
[2026-07-31 20:18:33] Échec extraction: BOA MALI : Etats financiers certifiés par les Commissaires Aux Comptes - Exercice 2024 (pdftotext a échoué (code 1): Syntax Error: Invalid XRef entry 0 Syntax Error: Missing 'endstream' or incorrect stream length Syntax Error: Couldn't find trailer dictionary Syntax Error: Invalid XRef entry 0 Syntax Error: Missing 'endstream' or incorrect stream length Syntax Error: Couldn't find trailer dictionary Syntax Error: Couldn't read xref table)
[2026-07-31 20:18:35] Téléchargé: 20250319_-_etats_financiers_certifies_par_les_cacs_-_exercice_2024_-_boa_mali_0.pdf
[2026-07-31 20:18:35] Échec extraction: BOA MALI: Financial statements certified by the Statutory Auditors of 2024 (pdftotext a échoué (code 1): Syntax Error: Invalid XRef entry 0 Syntax Error: Missing 'endstream' or incorrect stream length Syntax Error: Couldn't find trailer dictionary Syntax Error: Invalid XRef entry 0 Syntax Error: Missing 'endstream' or incorrect stream length Syntax Error: Couldn't find trailer dictionary Syntax Error: Couldn't read xref table)
[2026-07-31 20:18:38] Téléchargé: 20241002_-_rapport_dactivites_-_1er_semestre_2024_-_boa_mali.pdf
[2026-07-31 20:18:38] Échec extraction: BOA MALI : Rapport d'activités - 1er semestre 2024 (pdftotext a échoué (code 1): Syntax Error: Invalid XRef entry 0 Syntax Error: Missing 'endstream' or incorrect stream length Syntax Error: Couldn't find trailer dictionary Syntax Error: Invalid XRef entry 0 Syntax Error: Missing 'endstream' or incorrect stream length Syntax Error: Couldn't find trailer dictionary Syntax Error: Couldn't read xref table)
[2026-07-31 20:18:40] Téléchargé: 20240725_-_etats_financiers_certifies_par_les_cacs_-_exercice_2023_-_boa_mali.pdf
[2026-07-31 20:18:40] Échec extraction: BOA MALI : Etats financiers certifiés par les Commissaires Aux Comptes - Exercice 2023 (pdftotext a échoué (code 1): Syntax Error: Invalid XRef entry 7 Internal Error: xref num 7 not found but needed, try to reconstruct Syntax Error: Couldn't find trailer dictionary Syntax Error: Invalid XRef entry 7 Syntax Error (542): Bad 'Length' attribute in stream Syntax Error: Invalid XRef entry 0 Syntax Error: Missing 'endstream' or incorrect stream length Syntax Error: Couldn't find trailer dictionary Syntax Error: Invalid XRef entry 7 Internal Error: xref num 7 not found but needed, try to reconstruct Syntax Error: Couldn't find trailer dictionary Syntax Error: Invalid XRef entry 7 Syntax Error (542): Bad 'Length' attribute in stream Syntax Error: Invalid XRef entry 0 Syntax Error: Missing 'endstream' or incorrect stream length Syntax Error: Couldn't find trailer dictionary Syntax Error: Couldn't read xref table)
[2026-07-31 20:18:42] Téléchargé: 20240605_-_rapport_dactivites_-_1er_trimestre_2024_-_boa_mali.pdf
[2026-07-31 20:18:43] Échec extraction: BOA MALI : Rapport d'activités - 1er trimestre 2024 (pdftotext a échoué (code 1): Syntax Error: Invalid XRef entry 0 Syntax Error: Missing 'endstream' or incorrect stream length Syntax Error: Couldn't find trailer dictionary Syntax Error: Invalid XRef entry 0 Syntax Error: Missing 'endstream' or incorrect stream length Syntax Error: Couldn't find trailer dictionary Syntax Error: Couldn't read xref table)
[2026-07-31 20:18:45] Téléchargé: 20240405_-_etats_financiers_-_exercice_2023_-_boa_mali.pdf
[2026-07-31 20:18:45] Échec extraction: BOA MALI : Etats financiers - Exercice 2023 (pdftotext a échoué (code 1): Syntax Error: Invalid XRef entry 7 Internal Error: xref num 7 not found but needed, try to reconstruct Syntax Error: Couldn't find trailer dictionary Syntax Error: Invalid XRef entry 7 Syntax Error (542): Bad 'Length' attribute in stream Syntax Error: Invalid XRef entry 0 Syntax Error: Missing 'endstream' or incorrect stream length Syntax Error: Couldn't find trailer dictionary Syntax Error: Invalid XRef entry 7 Internal Error: xref num 7 not found but needed, try to reconstruct Syntax Error: Couldn't find trailer dictionary Syntax Error: Invalid XRef entry 7 Syntax Error (542): Bad 'Length' attribute in stream Syntax Error: Invalid XRef entry 0 Syntax Error: Missing 'endstream' or incorrect stream length Syntax Error: Couldn't find trailer dictionary Syntax Error: Couldn't read xref table)
[2026-07-31 20:18:47] Téléchargé: 20240321_-_rapport_dactivites_-_4eme_trimestre_2023_-_boa_mali.pdf
[2026-07-31 20:18:47] Échec extraction: BOA MALI : Rapport d'activités du 4ème trimestre 2023 (pdftotext a échoué (code 1): Syntax Error: Invalid XRef entry 0 Syntax Error: Missing 'endstream' or incorrect stream length Syntax Error: Couldn't find trailer dictionary Syntax Error: Invalid XRef entry 0 Syntax Error: Missing 'endstream' or incorrect stream length Syntax Error: Couldn't find trailer dictionary Syntax Error: Couldn't read xref table)
[2026-07-31 20:18:50] Téléchargé: 20231026_-_rapport_dactivites_-_3eme_trimestre_2023_-_boa_mali.pdf
[2026-07-31 20:18:50] Échec extraction: BOA MALI : Rapport d'activités du 3ème trimestre 2023 (pdftotext a échoué (code 1): Syntax Error: Invalid XRef entry 0 Syntax Error: Missing 'endstream' or incorrect stream length Syntax Error: Couldn't find trailer dictionary Syntax Error: Invalid XRef entry 0 Syntax Error: Missing 'endstream' or incorrect stream length Syntax Error: Couldn't find trailer dictionary Syntax Error: Couldn't read xref table)
[2026-07-31 20:18:52] Téléchargé: 20230928_-_attestation_des_cac_sur_le_rapport_dactivites_du_1er_semestre_2023_-_boa_ml.pdf
[2026-07-31 20:18:52] Échec extraction: BOA MALI : Attestation des Commissaires Aux Compte sur le Rapport d'activités du 1er semestre 2023 (pdftotext a échoué (code 1): Syntax Error: Document stream is empty)
[2026-07-31 20:18:54] Téléchargé: 20230928_-_rapport_dactivites_-_1er_semestre_2023_-_boa_ml.pdf
[2026-07-31 20:18:54] Échec extraction: BOA MALI : Rapport d'activités du 1er Semestre 2023 (pdftotext a échoué (code 1): Syntax Error: Document stream is empty)
[2026-07-31 20:18:57] Téléchargé: 20230928_-_etats_financiers_-_1er_semestre_2023_-_boa_ml.pdf
[2026-07-31 20:18:59] Téléchargé: 20230428_-_rapport_dactivite_-_1er_trimestre_2023_-_boa_mali.pdf
[2026-07-31 20:18:59] Échec extraction: BOA MALI : Rapport d'activité du 1er trimestre 2023 (pdftotext a échoué (code 1): Syntax Error: Document stream is empty)
[2026-07-31 20:19:01] Téléchargé: 20230404_-_rapport_dactivite_4eme_trimestre_2022_-_boa_mali.pdf
[2026-07-31 20:19:01] Échec extraction: BOA MALI : Rapport d'activité 4ème trimestre 2022 (pdftotext a échoué (code 1): Syntax Error: Document stream is empty)
[2026-07-31 20:19:04] Téléchargé: etats_financiers_certifies_2022_boa-mali.pdf
[2026-07-31 20:19:04] Échec extraction: BOA MALI : Etats financiers certifiés 2022 (pdftotext a échoué (code 99): Syntax Error: Invalid XRef entry 0 Syntax Error: Missing 'endstream' or incorrect stream length Internal Error: xref num 15 not found but needed, try to reconstruct Syntax Error: Invalid XRef entry 0 Syntax Error: Missing 'endstream' or incorrect stream length Syntax Error: Top-level pages object is wrong type (null) Command Line Error: Wrong page range given: the first page (1) can not be after the last page (0).)
[2026-07-31 20:19:06] Téléchargé: 20221027_-_rapport_dactivite_-_3eme_trimestre_2022_-_boa_mali.pdf
[2026-07-31 20:19:06] Échec extraction: BOA MALI : Rapport d'activité du 3ème trimestre 2022 (pdftotext a échoué (code 1): Syntax Error: Invalid XRef entry 0 Syntax Error: Missing 'endstream' or incorrect stream length Syntax Error: Couldn't find trailer dictionary Syntax Error: Invalid XRef entry 0 Syntax Error: Missing 'endstream' or incorrect stream length Syntax Error: Couldn't find trailer dictionary Syntax Error: Couldn't read xref table)
[2026-07-31 20:19:06] --- BOAN (bank-africa-ng) ---
[2026-07-31 20:19:06] Scraping des rapports pour 'bank-africa-ng': https://www.brvm.org/fr/rapports-societe-cotes/bank-africa-ng
[2026-07-31 20:19:07] 20 rapport(s) trouvé(s) pour 'bank-africa-ng'
[2026-07-31 20:19:11] Téléchargé: 20260430_-_rapport_dactivites_-_1er_trimestre_2026_-_boa_ng.pdf
[2026-07-31 20:19:11] Échec extraction: BOA NG : Rapport d'activités - 1er trimestre 2026 (pdftotext a échoué (code 1): Syntax Error: Document stream is empty)
[2026-07-31 20:19:13] Téléchargé: 20260429_-_rapport_dactivites_-_2eme_semestre_2025_-_boa_ng.pdf
[2026-07-31 20:19:13] Échec extraction: BOA NG : Rapport d'activités - 2ème semestre 2025 (pdftotext a échoué (code 1): Syntax Error: Document stream is empty)
[2026-07-31 20:19:19] Téléchargé: 20260401_-_rapport_des_commissaires_aux_comptes_sur_les_etats_financiers_annuels_-_exercice_2025_-_boa_ng.pdf
[2026-07-31 20:19:19] Échec extraction: BOA NG : Rapport des Commissaires Aux Comptes sur les Etats Financiers annuels - Exercice 2025 (Aucun texte exploitable extrait (PDF probablement scanné/image, sans couche de texte))
[2026-07-31 20:19:21] Téléchargé: 20260401_-_rapport_des_cac_sur_les_conventions_reglementees_et_les_credits_accordes_aux_dirigeants_de_la_banque_-_exercice_2025_-_boa_ng.pdf
[2026-07-31 20:19:21] Échec extraction: BOA NG : Rapport des Commissaires Aux Comptes sur les Conventions règlementées et les crédits accordés aux dirigeants de la banque - Exercice 2025 (Aucun texte exploitable extrait (PDF probablement scanné/image, sans couche de texte))
[2026-07-31 20:19:24] Téléchargé: 20260324_-_rapport_du_conseil_dadministration_a_lassemblee_generale_ordinaire_des_actionnaires_-_exercice_2025_-_boa_ng_annule_et_remplace_le_precedent.pdf
[2026-07-31 20:19:26] Téléchargé: 20260318_-_rapport_du_ca_a_lago_-_exercice_2025_-_boa_ng.pdf
[2026-07-31 20:19:29] Téléchargé: 20251106_-_rapport_dactivites_-_3eme_trimestre_2025_-_boa_ng.pdf
[2026-07-31 20:19:29] Échec extraction: BOA NIGER : Rapport d'activités - 3ème trimestre 2025 (Aucun texte exploitable extrait (PDF probablement scanné/image, sans couche de texte))
[2026-07-31 20:19:31] Téléchargé: 20251002_-_attestation_des_commissaires_aux_comptes_sur_le_rapport_dactivites_-_1er_semestre_2025_-_boa_niger.pdf
[2026-07-31 20:19:31] Échec extraction: BOA NIGER : Attestation des Commissaires Aux Comptes sur le rapport d'activités - 1er semestre 2025 (Aucun texte exploitable extrait (PDF probablement scanné/image, sans couche de texte))
[2026-07-31 20:19:33] Téléchargé: 20251002_-_rapport_dactivites_-_1er_semestre_2025_-_boa_niger_0.pdf
[2026-07-31 20:19:33] Échec extraction: BOA NIGER : Rapport d'activités - 1er semestre 2025 (Aucun texte exploitable extrait (PDF probablement scanné/image, sans couche de texte))
[2026-07-31 20:19:35] Téléchargé: 20250429_-_rapport_dactivites_-_1er_trimestre_2025_-_boa_ng.pdf
[2026-07-31 20:19:35] Échec extraction: BOA NIGER : Rapport d'activités du 1er trimestre 2025 (Aucun texte exploitable extrait (PDF probablement scanné/image, sans couche de texte))
[2026-07-31 20:19:37] Téléchargé: 20250319_-_rapport_du_ca_a_lassemblee_generale_ordinaire_-_exercice_2024_-_boa_niger.pdf
[2026-07-31 20:19:39] Téléchargé: 20241105_-_rapport_dactivites_-_3eme_trimestre_2024_-_boa_niger.pdf
[2026-07-31 20:19:39] Échec extraction: BOA NIGER : Rapport d'activités - 3ème trimestre 2024 (Aucun texte exploitable extrait (PDF probablement scanné/image, sans couche de texte))
[2026-07-31 20:19:41] Téléchargé: 20241024_-_attestation_des_cacs_sur_le_rapport_dactivites_du_1er_semestre_2024_-_boa_niger.pdf
[2026-07-31 20:19:41] Échec extraction: BOA NIGER : Attestation des Commissaires Aux Comptes sur le rapport d'activités du 1er semestre 2024 (Aucun texte exploitable extrait (PDF probablement scanné/image, sans couche de texte))
[2026-07-31 20:19:44] Téléchargé: 20240502_-_rapport_dactivites_-_1er_trimestre_2024_-_boa_niger.pdf
[2026-07-31 20:19:44] Échec extraction: BOA NIGER : Rapport d'activités - 1er trimestre 2024 (Aucun texte exploitable extrait (PDF probablement scanné/image, sans couche de texte))
[2026-07-31 20:19:47] Téléchargé: 20240325_-_etats_financiers_-_exercice_2023_-_boa_niger.pdf
[2026-07-31 20:19:47] Échec extraction: BOA NIGER : Etats financiers - Exercice 2023 (Aucun texte exploitable extrait (PDF probablement scanné/image, sans couche de texte))
[2026-07-31 20:19:49] Téléchargé: 20240306_-_rapport_dactivites_-_2eme_semestre_2023_-_boa_niger.pdf
[2026-07-31 20:19:49] Échec extraction: BOA NIGER : Rapport d'activités du 2ème semestre 2023 (Aucun texte exploitable extrait (PDF probablement scanné/image, sans couche de texte))
[2026-07-31 20:19:51] Téléchargé: 20231130_-_rapport_dactivites_-_3eme_trimestre_2023_-_boa_niger.pdf
[2026-07-31 20:19:52] Échec extraction: BOA NIGER : Rapport d'activités - 3ème trimestre 2023 (Aucun texte exploitable extrait (PDF probablement scanné/image, sans couche de texte))
[2026-07-31 20:19:54] Téléchargé: 20230503_-_rapport_dactivite_-_1er_trimestre_2023_-_boa_niger.pdf
[2026-07-31 20:19:54] Échec extraction: BOA NIGER : Rapport d'activité du 1er trimestre 2023 (Aucun texte exploitable extrait (PDF probablement scanné/image, sans couche de texte))
[2026-07-31 20:19:56] Téléchargé: boa-niger_etats_financiers_2022.pdf
[2026-07-31 20:19:56] Échec extraction: BOA NIGER : Etats financiers 2022 (Aucun texte exploitable extrait (PDF probablement scanné/image, sans couche de texte))
[2026-07-31 20:19:59] Téléchargé: 20221207_-_attestation_des_commissaires_aux_comptes_et_rapport_dactivites_-_1er_semestre_2022_-_boa_niger.pdf
[2026-07-31 20:19:59] Échec extraction: BOA NIGER : Attestation des Commissaires aux Comptes et Rapport d'activités du 1er semestre 2022 (Aucun texte exploitable extrait (PDF probablement scanné/image, sans couche de texte))
[2026-07-31 20:19:59] --- BOAS (bank-africa-sn) ---
[2026-07-31 20:19:59] Scraping des rapports pour 'bank-africa-sn': https://www.brvm.org/fr/rapports-societe-cotes/bank-africa-sn
[2026-07-31 20:20:01] 20 rapport(s) trouvé(s) pour 'bank-africa-sn'
[2026-07-31 20:20:04] Téléchargé: 20260422_-_etats_financiers_-_1er_trimestre_2026_-_boa_sn.pdf
[2026-07-31 20:20:04] Échec extraction: BOA SN : Etats Financiers - 1er trimestre 2026 (Aucun texte exploitable extrait (PDF probablement scanné/image, sans couche de texte))
[2026-07-31 20:20:06] Téléchargé: 20260422_-_rapport_dactivites_-_1er_trimestre_2026_-_boa_sn.pdf
[2026-07-31 20:20:06] Échec extraction: BOA SN : Rapport d'activités - 1er trimestre 2026 (Aucun texte exploitable extrait (PDF probablement scanné/image, sans couche de texte))
[2026-07-31 20:20:08] Téléchargé: 20260317_-_etats_financiers_-_exercice_2025_-_boa_sn.pdf
[2026-07-31 20:20:08] Échec extraction: BOA SN : Etats financiers - Exercice 2025 (Aucun texte exploitable extrait (PDF probablement scanné/image, sans couche de texte))
[2026-07-31 20:20:10] Téléchargé: 20251117_-_rapport_dactivites_-_3eme_trimestre_2025_-_boa_sn.pdf
[2026-07-31 20:20:10] Échec extraction: BOA SN : Rapport d'activités – 3ème trimestre 2025 (Aucun texte exploitable extrait (PDF probablement scanné/image, sans couche de texte))
[2026-07-31 20:20:12] Téléchargé: 20250918_-_rapport_dactivites_-_1er_semestre_2025_-_boa_sn.pdf
[2026-07-31 20:20:12] Échec extraction: BOA SENEGAL : Rapport d'activités - 1er semestre 2025 (Aucun texte exploitable extrait (PDF probablement scanné/image, sans couche de texte))
[2026-07-31 20:20:14] Téléchargé: 20250623_-_rapport_dactivites_-_1er_trimestre_2025_-_boa_sn.pdf
[2026-07-31 20:20:14] Échec extraction: BOA SENEGAL : Rapport d'activités du 1er trimestre 2025 (Aucun texte exploitable extrait (PDF probablement scanné/image, sans couche de texte))
[2026-07-31 20:20:22] Téléchargé: 20250505_-_rapport_dactivites_-_4eme_trimestre_2025_-_boa_sn.pdf
[2026-07-31 20:20:22] Échec extraction: BANK OF AFRICA SENEGAL : Rapport d'activités du 4ème trimestre 2025 (Aucun texte exploitable extrait (PDF probablement scanné/image, sans couche de texte))
[2026-07-31 20:20:27] Téléchargé: 20250319_-_etats_financiers_certifies_par_les_cacs_-_exercice_2024_-_boa_senegal.pdf
[2026-07-31 20:20:27] Échec extraction: BOA SENEGAL : Etats financiers certifiés par les Commissaires Aux Comptes - Exercice 2024 (Aucun texte exploitable extrait (PDF probablement scanné/image, sans couche de texte))
[2026-07-31 20:20:31] Téléchargé: 20241121_-_rapport_dactivites_-_1er_semestre_-_boa_sn.pdf
[2026-07-31 20:20:31] Échec extraction: BOA SENEGAL  : Rapport d'activités – 1er semestre 2024 (Aucun texte exploitable extrait (PDF probablement scanné/image, sans couche de texte))
[2026-07-31 20:20:34] Téléchargé: 20240508_-_rapport_dactivites_-_1er_trimestre_2024_-_boa_senegal.pdf
[2026-07-31 20:20:34] Échec extraction: BOA SENEGAL : Rapport d'activités du 1er trimestre 2024 (pdftotext a échoué (code 1): Syntax Error: Invalid XRef entry 0 Syntax Error: Missing 'endstream' or incorrect stream length Syntax Error: Couldn't find trailer dictionary Syntax Error: Invalid XRef entry 0 Syntax Error: Missing 'endstream' or incorrect stream length Syntax Error: Couldn't find trailer dictionary Syntax Error: Couldn't read xref table)
[2026-07-31 20:20:38] Téléchargé: 20240403_-_etats_financiers_certifies_-_exercice_2023_-_boa_senegal.pdf
[2026-07-31 20:20:38] Échec extraction: BOA SENEGAL : Etats financiers certifiés - Exercice 2023 (pdftotext a échoué (code 1): Syntax Error: Invalid XRef entry 4 Internal Error: xref num 4 not found but needed, try to reconstruct Syntax Error: Couldn't find trailer dictionary Syntax Error: Invalid XRef entry 4 Syntax Error (180): Bad 'Length' attribute in stream Syntax Error: Invalid XRef entry 0 Syntax Error: Missing 'endstream' or incorrect stream length Syntax Error: Couldn't find trailer dictionary Syntax Error: Invalid XRef entry 4 Internal Error: xref num 4 not found but needed, try to reconstruct Syntax Error: Couldn't find trailer dictionary Syntax Error: Invalid XRef entry 4 Syntax Error (180): Bad 'Length' attribute in stream Syntax Error: Invalid XRef entry 0 Syntax Error: Missing 'endstream' or incorrect stream length Syntax Error: Couldn't find trailer dictionary Syntax Error: Couldn't read xref table)
[2026-07-31 20:20:41] Téléchargé: 20231122_-_rapport_dactivites_-_3eme_trimestre_2023_-_boa_sn.pdf
[2026-07-31 20:20:41] Échec extraction: BOA SENEGAL : Rapport d'activités du 3ème trimestre 2023 (pdftotext a échoué (code 1): Syntax Error: Invalid XRef entry 0 Syntax Error: Missing 'endstream' or incorrect stream length Syntax Error: Couldn't find trailer dictionary Syntax Error: Invalid XRef entry 0 Syntax Error: Missing 'endstream' or incorrect stream length Syntax Error: Couldn't find trailer dictionary Syntax Error: Couldn't read xref table)
[2026-07-31 20:20:44] Téléchargé: 20230918_-_rapport_dactivites_du_1er_semestre_2023_-_boa_sn.pdf
[2026-07-31 20:20:44] Échec extraction: BOA SENEGAL : Rapport d’activités du 1er semestre 2023 (pdftotext a échoué (code 1): Syntax Error: Invalid XRef entry 0 Syntax Error: Missing 'endstream' or incorrect stream length Syntax Error: Couldn't find trailer dictionary Syntax Error: Invalid XRef entry 0 Syntax Error: Missing 'endstream' or incorrect stream length Syntax Error: Couldn't find trailer dictionary Syntax Error: Couldn't read xref table)
[2026-07-31 20:20:47] Téléchargé: 20230918_-_rapport_dactivites_du_1er_trimestre_2023_-_boa_sn.pdf
[2026-07-31 20:20:47] Échec extraction: BOA SENEGAL : Rapport d’activités du 1er trimestre 2023 (pdftotext a échoué (code 1): Syntax Error: Invalid XRef entry 0 Syntax Error: Missing 'endstream' or incorrect stream length Syntax Error: Couldn't find trailer dictionary Syntax Error: Invalid XRef entry 0 Syntax Error: Missing 'endstream' or incorrect stream length Syntax Error: Couldn't find trailer dictionary Syntax Error: Couldn't read xref table)
[2026-07-31 20:20:50] Téléchargé: rapport_dactivite_2nd_semestre_2022_-_boa_senegal.pdf
[2026-07-31 20:20:50] Échec extraction: BOA SENEGAL : Rapport d’activités deuxième semestre 2022 (pdftotext a échoué (code 1): Syntax Error: Invalid XRef entry 4 Internal Error: xref num 4 not found but needed, try to reconstruct Syntax Error: Couldn't find trailer dictionary Syntax Error: Invalid XRef entry 4 Syntax Error (180): Bad 'Length' attribute in stream Syntax Error: Invalid XRef entry 0 Syntax Error: Missing 'endstream' or incorrect stream length Syntax Error: Couldn't find trailer dictionary Syntax Error: Invalid XRef entry 4 Internal Error: xref num 4 not found but needed, try to reconstruct Syntax Error: Couldn't find trailer dictionary Syntax Error: Invalid XRef entry 4 Syntax Error (180): Bad 'Length' attribute in stream Syntax Error: Invalid XRef entry 0 Syntax Error: Missing 'endstream' or incorrect stream length Syntax Error: Couldn't find trailer dictionary Syntax Error: Couldn't read xref table)
[2026-07-31 20:20:55] Téléchargé: 20230310_-_etats_financiers_certifies_2022_-_boa_sn.pdf
[2026-07-31 20:20:55] Échec extraction: BANK OF AFRICA SENEGAL : Etats financiers certifiés exercice 2022 (Aucun texte exploitable extrait (PDF probablement scanné/image, sans couche de texte))
[2026-07-31 20:20:57] Téléchargé: 20221207_-_rapport_dactivite_3e_trimestre_2022_-_boa_senegal.pdf
[2026-07-31 20:20:57] Échec extraction: BOA SENEGAL : Rapport d'activité 3e trimestre 2022 (Aucun texte exploitable extrait (PDF probablement scanné/image, sans couche de texte))
[2026-07-31 20:21:00] Téléchargé: 20221116_-_rapport_dactivite_-_1er_semestre_2022_-_boa_senegal.pdf
[2026-07-31 20:21:00] Échec extraction: BOA SENEGAL : Rapport d'activité du 1er Semestre 2022 (Aucun texte exploitable extrait (PDF probablement scanné/image, sans couche de texte))
[2026-07-31 20:21:02] Téléchargé: 20220429_-_rapport_dactivite_-_1er_trimestre_2022_-_boa_senegal.pdf
[2026-07-31 20:21:02] Échec extraction: BOA SENEGAL : Rapport d'activité 1er trimestre 2022 (Aucun texte exploitable extrait (PDF probablement scanné/image, sans couche de texte))
[2026-07-31 20:21:04] Téléchargé: 20220429_-_rapport_dactivite_-_2nd_semestre_2021_-_boa_senegal.pdf
[2026-07-31 20:21:04] Échec extraction: BOA SENEGAL : Rapport d'activité 2ème semestre 2021 (Aucun texte exploitable extrait (PDF probablement scanné/image, sans couche de texte))
[2026-07-31 20:21:04] --- CABC (sicable) ---
[2026-07-31 20:21:04] Scraping des rapports pour 'sicable': https://www.brvm.org/fr/rapports-societe-cotes/sicable
[2026-07-31 20:21:06] 20 rapport(s) trouvé(s) pour 'sicable'
[2026-07-31 20:21:09] Téléchargé: 20260420_-_rapport_dactivites_-_1er_trimestre_2026_-_sicable_ci.pdf
[2026-07-31 20:21:11] Téléchargé: 20260311_-_etats_financiers_ifrs_-_exercice_2025_-_sicable_ci.pdf
[2026-07-31 20:21:13] Téléchargé: 20260310_-_etats_financiers_syscohada_-_exercice_2025_-_sicable_ci.pdf
[2026-07-31 20:21:16] Téléchargé: 20251030_-_rapport_dactivites_-_1er_semestre_2025_-_sicable_ci.pdf
[2026-07-31 20:21:18] Téléchargé: 20251030_-_rapport_dactivites_-_3eme_trimestre_2025_-_sicable_ci.pdf
[2026-07-31 20:21:19] Téléchargé: 20250903_-_etats_financiers_-_exercice_2024_-_sicable_ci.pdf
[2026-07-31 20:21:22] Téléchargé: 20250903_-_rapport_des_commissaires_aux_comptes_-_exercice_2024_-_sicable_ci.pdf
[2026-07-31 20:21:24] Téléchargé: 20250515_-_rapport_dactivites_-_1er_trimestre_2025_-_sicable_ci.pdf
[2026-07-31 20:21:24] Échec extraction: SICABLE CÔTE D'IVOIRE : Rapport d'activités du 1er trimestre 2025 (Aucun texte exploitable extrait (PDF probablement scanné/image, sans couche de texte))
[2026-07-31 20:21:28] Téléchargé: 20250314_-_rapport_dactivites_annuel_-_exercice_2024_-_sicable_ci.pdf
[2026-07-31 20:21:29] Téléchargé: 20250314_-_rapport_special_des_cacs_sur_les_conventions_reglementees_-_exercice_2024_-_sicable_ci.pdf
[2026-07-31 20:21:31] Téléchargé: 20250313_-_etats_financiers_verifies_par_les_cacs_-_exercice_2024_-_sicable_ci.pdf
[2026-07-31 20:21:33] Téléchargé: 20241106_-_attestation_des_cacs_sur_le_rapport_dactivites_-_1er_semestre_2024_-_sicable_ci.pdf
[2026-07-31 20:21:35] Téléchargé: 20241030_-_rapport_dactivites_-_1er_semestre_2024_-_sicable_ci.pdf
[2026-07-31 20:21:36] Téléchargé: 20241030_-_rapport_dactivites_-_3eme_trimestre_2024_-_sicable_ci.pdf
[2026-07-31 20:21:38] Téléchargé: 20240426_-_rapport_dactivites_-_1er_trimestre_2024_-_sicable_ci.pdf
[2026-07-31 20:21:41] Téléchargé: 20240319_-_rapport_annuel_-_exercice_2023_-_sicable_ci.pdf
[2026-07-31 20:21:43] Téléchargé: 20231030_-_rapport_dactivites_et_attestation_des_cac_-_1er_semestre_2023_-_sicable_ci.pdf
[2026-07-31 20:21:45] Téléchargé: 20231030_-_rapport_dactivites_-_1er_semestre_2023_-_sicable_ci.pdf
[2026-07-31 20:21:47] Téléchargé: 20231030_-_rapport_dactivites_-_3eme_trimestre_2023_-_sicable_ci.pdf
[2026-07-31 20:21:47] --- CBIBF (coris-bank-international) ---
[2026-07-31 20:21:47] Scraping des rapports pour 'coris-bank-international': https://www.brvm.org/fr/rapports-societe-cotes/coris-bank-international
[2026-07-31 20:21:50] 18 rapport(s) trouvé(s) pour 'coris-bank-international'
[2026-07-31 20:22:01] Téléchargé: 20260707_-_etats_financiers_-_exercice_2025_-_coris_bank_international_bf.pdf
[2026-07-31 20:22:01] Échec extraction: CORIS BANK INTERNATIONAL BF : Etats financiers - Exercice 2025 (Aucun texte exploitable extrait (PDF probablement scanné/image, sans couche de texte))
[2026-07-31 20:22:03] Téléchargé: 20260430_-_rapport_dactivites_-_1er_trimestre_2026_-_coris_bank_international_bf.pdf
[2026-07-31 20:22:03] Échec extraction: CORIS BANK INTERNATIONAL BF : Rapport d'activités - 1er trimestre 2026 (Aucun texte exploitable extrait (PDF probablement scanné/image, sans couche de texte))
[2026-07-31 20:22:06] Téléchargé: 20260423_-_rapport_dactivites_annuel_-_exercice_2025_-_coris_bank_international_bf.pdf
[2026-07-31 20:22:06] Échec extraction: CORIS BANK INTERNATIONAL BF : Rapport d'activités annuel - Exercice 2025 (Aucun texte exploitable extrait (PDF probablement scanné/image, sans couche de texte))
[2026-07-31 20:22:09] Téléchargé: 20251030_-_rapport_dactivites_-_3eme_trimestre_2025_-_coris_bank_international_bf.pdf
[2026-07-31 20:22:11] Téléchargé: 20250825_-_rapport_dactivites_-_1er_semestre_2025_-_coris_bank_international_bf.pdf
[2026-07-31 20:22:11] Échec extraction: CORIS BANK INTERNATIONAL BURKINA FASO : Rapport d'activités - 1er semestre 2025 (Aucun texte exploitable extrait (PDF probablement scanné/image, sans couche de texte))
[2026-07-31 20:22:13] Téléchargé: 20250430_-_rapport_dactivites_-_1er_trimestre_2025_-_coris_bank_international_bf.pdf
[2026-07-31 20:22:13] Échec extraction: CORIS BANK INTERNATIONAL BURKINA FSAO : Rapport d'activités du 1er trimestre 2025 (Aucun texte exploitable extrait (PDF probablement scanné/image, sans couche de texte))
[2026-07-31 20:22:16] Téléchargé: 20250430_-_rapport_dactivites_annuel_-_exercice_2024_-_coris_bank_international_bf.pdf
[2026-07-31 20:22:16] Échec extraction: CORIS BANK INTERNATIONAL BURKINA FASO : Rapport d'activités annuel - Exercice 2024 (Aucun texte exploitable extrait (PDF probablement scanné/image, sans couche de texte))
[2026-07-31 20:22:18] Téléchargé: 20241031_-_rapport_dactivites_-_3eme_trimestre_2024_-_coris_bank_international_bf.pdf
[2026-07-31 20:22:18] Échec extraction: CORIS BANK INTERNATIONAL BURKINA FASO : Rapport d’activités – 3ème trimestre 2024 (Aucun texte exploitable extrait (PDF probablement scanné/image, sans couche de texte))
[2026-07-31 20:22:20] Téléchargé: 20240820_-_rapport_dactivites_-_1er_semestre_2024_-_coris_bank_international_bf.pdf
[2026-07-31 20:22:23] Téléchargé: 20240820_-_rapport_dactivites_-_1er_semestre_2024_-_coris_bank_international_bf_0.pdf
[2026-07-31 20:22:25] Téléchargé: 20240502_-_rapport_dactivites_-_1er_trimestre_2024_-_coris_bank_international_bf.pdf
[2026-07-31 20:22:25] Échec extraction: CORIS BANK INTERNATIONAL BF : Rapport d'activités - 1er trimestre 2024 (Aucun texte exploitable extrait (PDF probablement scanné/image, sans couche de texte))
[2026-07-31 20:22:34] Téléchargé: 20240430_-_rapport_dactivite_annuel_-_exercice_2023_-_coris_bank_international_bf.pdf
[2026-07-31 20:22:34] Échec extraction: CORIS BANK INTERNATIONAL BF : Rapport d'activités annuel - Exercice 2023 (Aucun texte exploitable extrait (PDF probablement scanné/image, sans couche de texte))
[2026-07-31 20:22:34] Échec extraction: CORIS Bank International BF : Rapport d'activités - 3ème trimestre 2023 (Aucun texte exploitable extrait (PDF probablement scanné/image, sans couche de texte))
[2026-07-31 20:22:34] Échec extraction: CORIS BANK INTERNATIONAL : Rapport d'activités - 1er Semestre 2023 (Aucun texte exploitable extrait (PDF probablement scanné/image, sans couche de texte))
[2026-07-31 20:22:37] Téléchargé: rapport_dactivites_du_1er_trimestre_2023_-_cbibf.pdf
[2026-07-31 20:22:37] Échec extraction: CORIS BANK INTERNATIONAL BURKINA FASO : Rapport d'activité du 1er trimestre 2023 (Aucun texte exploitable extrait (PDF probablement scanné/image, sans couche de texte))
[2026-07-31 20:22:41] Téléchargé: 20230427_-_rapport_dactivites_exercice_2022_-_coris_bank_international_bf.pdf
[2026-07-31 20:22:41] Échec extraction: CORIS BANK INTERNATIONAL BURKINA FASO : Rapport d'activités exercice 2022 (Aucun texte exploitable extrait (PDF probablement scanné/image, sans couche de texte))
[2026-07-31 20:22:46] Téléchargé: 20230427_-_etats_financiers_exercice_2022_-_coris_bank_international_bf.pdf
[2026-07-31 20:22:52] Téléchargé: 20230427_-_rapport_des_commissaires_aux_comptes_exercice_2022_-_coris_bank_international_bf.pdf
[2026-07-31 20:22:52] --- CFAC (cfao-motors-ci) ---
[2026-07-31 20:22:52] Scraping des rapports pour 'cfao-motors-ci': https://www.brvm.org/fr/rapports-societe-cotes/cfao-motors-ci
[2026-07-31 20:22:54] 20 rapport(s) trouvé(s) pour 'cfao-motors-ci'
[2026-07-31 20:22:57] Téléchargé: 20260713_-_rapport_annuel_-_exercice_2025_-_cfao_motors_ci.pdf
[2026-07-31 20:22:57] Échec extraction: CFAO MOTORS CI : Rapport annuel - Exercice 2025 (Aucun texte exploitable extrait (PDF probablement scanné/image, sans couche de texte))
[2026-07-31 20:23:00] Téléchargé: 20251222_-_rapport_dactivites_-_3eme_trimestre_2025_-_cfao_motors_ci.pdf
[2026-07-31 20:23:00] Échec extraction: CFAO MOTORS CI : Rapport d'activités - 3ème trimestre 2025 (Aucun texte exploitable extrait (PDF probablement scanné/image, sans couche de texte))
[2026-07-31 20:23:02] Téléchargé: 20251030_-_rapport_dactivites_-_1er_semestre_2025_-_cfao_motors_ci.pdf
[2026-07-31 20:23:02] Échec extraction: CFAO MOTORS CÔTE D'IVOIRE : Rapport d'activités - 1er semestre 2025 (Aucun texte exploitable extrait (PDF probablement scanné/image, sans couche de texte))
[2026-07-31 20:23:04] Téléchargé: 20250516_-_etats_financiers_-_exercice_2024_-_cfao_motors_ci.pdf
[2026-07-31 20:23:06] Téléchargé: 20250516_-_rapport_dactivites_-_1er_trimestre_2025_-_cfao_motors_ci.pdf
[2026-07-31 20:23:06] Échec extraction: CFAO MOTORS CÔTE D'IVOIRE : Rapport d'activités du 1er trimestre 2025 (Aucun texte exploitable extrait (PDF probablement scanné/image, sans couche de texte))
[2026-07-31 20:23:08] Téléchargé: 20250516_-_rapport_dactivites_annuel_-_exercice_2024_-_cfao_motors_ci.pdf
[2026-07-31 20:23:08] Échec extraction: CFAO MOTORS CÔTE D'IVOIRE : Rapport d'activités annuel - Exercice 2024 (Aucun texte exploitable extrait (PDF probablement scanné/image, sans couche de texte))
[2026-07-31 20:23:10] Téléchargé: 20241030_-_rapport_dactivites_-_1er_semestre_2024_-_cfao_motors_ci.pdf
[2026-07-31 20:23:10] Échec extraction: CFAO MOTORS CI : Rapport d'activités - 1er semestre 2024 (Aucun texte exploitable extrait (PDF probablement scanné/image, sans couche de texte))
[2026-07-31 20:23:12] Téléchargé: 20241030_-_rapport_dactivites_-_1er_trimestre_2024_-_cfao_motors_ci.pdf
[2026-07-31 20:23:12] Échec extraction: TRACTAFRIC MOTORS CI : Rapport d'activités - 1er semestre 2024 (Aucun texte exploitable extrait (PDF probablement scanné/image, sans couche de texte))
[2026-07-31 20:23:12] Échec extraction: CFAO MOTORS CI : Rapport d'activités - 1er trimestre 2024 (Aucun texte exploitable extrait (PDF probablement scanné/image, sans couche de texte))
[2026-07-31 20:23:14] Téléchargé: 20240426_-_rapport_annuel_-_exercice_2023_-_cfao_motors_ci.pdf
[2026-07-31 20:23:14] Échec extraction: CFAO MOTORS CI : Rapport Annuel - Exercice 2023 (Aucun texte exploitable extrait (PDF probablement scanné/image, sans couche de texte))
[2026-07-31 20:23:17] Téléchargé: 20231114_-_rapport_dactivites_-_1er_semestre_2023_-_cfao_motors_ci.pdf
[2026-07-31 20:23:17] Échec extraction: CFAO MOTORS CI : Rapport d'activités du 1er Semestre 2023 (Aucun texte exploitable extrait (PDF probablement scanné/image, sans couche de texte))
[2026-07-31 20:23:19] Téléchargé: 20231114_-_attestation_des_cac_sur_le_rapport_dactivites_du_1er_semestre_2023_-_cfao_motors_ci.pdf
[2026-07-31 20:23:19] Échec extraction: CFAO MOTORS CI : Attestation des Commissaires Aux Comptes sur le Rapport d'activités du 1er semestre 2023 (Aucun texte exploitable extrait (PDF probablement scanné/image, sans couche de texte))
[2026-07-31 20:23:21] Téléchargé: 20230525_-_rapport_dactivite_-_1er_trimestre_2023_-_cfao_motors_ci.pdf
[2026-07-31 20:23:21] Échec extraction: CFAO MOTORS CI : Rapport d'activité du 1er trimestre 2023 (Aucun texte exploitable extrait (PDF probablement scanné/image, sans couche de texte))
[2026-07-31 20:23:24] Téléchargé: etats_financiers_provisoire_exercice_2022_-_cfao_motors_ci_.pdf
[2026-07-31 20:23:24] Échec extraction: CFAO MOTORS CI : Etats financiers provisoire exercice 2022 (Aucun texte exploitable extrait (PDF probablement scanné/image, sans couche de texte))
[2026-07-31 20:23:26] Téléchargé: rapport_dactivite_2022_-_cfao_motors_ci.pdf
[2026-07-31 20:23:26] Échec extraction: CFAO MOTORS CI : Rapport d'activité 2022 (Aucun texte exploitable extrait (PDF probablement scanné/image, sans couche de texte))
[2026-07-31 20:23:28] Téléchargé: rapport_dactivite_-_3eme_trimestre_2022_-_cfao_motors_ci.pdf
[2026-07-31 20:23:28] Échec extraction: CFAO MOTORS CI : Rapport d'activité du 3ème  trimestre 2022 (Aucun texte exploitable extrait (PDF probablement scanné/image, sans couche de texte))
[2026-07-31 20:23:30] Téléchargé: rapport_dactivite_-_3eme_trimestre_2022_-_cfao_motors_ci_0.pdf
[2026-07-31 20:23:30] Échec extraction: CFAO MOTORS CI : Activty report for 3rd quater of 2023 (Aucun texte exploitable extrait (PDF probablement scanné/image, sans couche de texte))
[2026-07-31 20:23:32] Téléchargé: 20221024_-_rapport_dactivite_-_1er_semestre_2022_-_cfao_motors_ci.pdf
[2026-07-31 20:23:32] Échec extraction: CFAO MOTORS CI : Rapport d'activité du 1er semestre 2022 (Aucun texte exploitable extrait (PDF probablement scanné/image, sans couche de texte))
[2026-07-31 20:23:35] Téléchargé: 20221024_-_attestation_des_commissaires_aux_comptes_-_1er_semestre_2022_-_cfao_motors_ci_0.pdf
[2026-07-31 20:23:35] Échec extraction: CFAO MOTORS CI : Attestation des Commissaires Aux Comptes du 1er semestre 2022 (Aucun texte exploitable extrait (PDF probablement scanné/image, sans couche de texte))
[2026-07-31 20:23:35] --- CIEC (cie-ci) ---
[2026-07-31 20:23:35] Scraping des rapports pour 'cie-ci': https://www.brvm.org/fr/rapports-societe-cotes/cie-ci
[2026-07-31 20:23:37] 20 rapport(s) trouvé(s) pour 'cie-ci'
[2026-07-31 20:23:44] Téléchargé: 20260520_-_etats_financiers_syscohada_et_ifrs_-_exercice_2025_-_cie_ci.pdf
[2026-07-31 20:23:48] Téléchargé: 20251030_-_rapport_dactivites_-_1er_semestre_2025_-_cie_ci.pdf
[2026-07-31 20:23:48] Échec extraction: CIE CÔTE D'IVOIRE : Rapport d'activités - 1er semestre 2025 (Aucun texte exploitable extrait (PDF probablement scanné/image, sans couche de texte))
[2026-07-31 20:23:52] Téléchargé: 20251030_-_attestation_des_commissaires_aux_comptes_et_rapport_dactivites_-_1er_semestre_2025_-_cie_ci.pdf
[2026-07-31 20:23:54] Téléchargé: 20250430_-_etats_financiers_-_norme_syscohada_-_exercice_2024_-_cie_ci.pdf
[2026-07-31 20:23:58] Téléchargé: 20241030_-_rapport_dactivites_certifie_par_les_cacs_-_1er_semestre_2024_-_cie_ci.pdf
[2026-07-31 20:23:58] Échec extraction: CIE CI : Rapport d'activités certifié par les Commissaires Aux Comptes - 1er semestre 2024 (Aucun texte exploitable extrait (PDF probablement scanné/image, sans couche de texte))
[2026-07-31 20:24:04] Téléchargé: 20240606_-_etats_financiers_-_exercice_2023_-_cie_ci.pdf
[2026-07-31 20:24:04] Échec extraction: CIE CI : Etats financiers - Exercice 2023 (Aucun texte exploitable extrait (PDF probablement scanné/image, sans couche de texte))
[2026-07-31 20:24:06] Téléchargé: 20240430_-_rapport_dactivites_-_1er_trimestre_2024_-_cie_ci.pdf
[2026-07-31 20:24:08] Téléchargé: 20240131_-_rapport_dactivites_-_3eme_trimestre_2023_-_cie_ci.pdf
[2026-07-31 20:24:11] Téléchargé: 20231031_-_rapport_dactivites_-_1er_semestre_2023_-_cie_ci.pdf
[2026-07-31 20:24:11] Échec extraction: CIE CÔTE D'IVOIRE : Rapport d'activités - 1er Semestre 2023 (Aucun texte exploitable extrait (PDF probablement scanné/image, sans couche de texte))
[2026-07-31 20:24:13] Téléchargé: 20231031_-_rapport_dactivites_consolide_-_1er_semestre_2023_-_cie_ci.pdf
[2026-07-31 20:24:17] Téléchargé: etats_financiers_de_synthese_cie.pdf
[2026-07-31 20:24:17] Échec extraction: CIE CI : Etats financiers de synthèse exercice 2022 (Aucun texte exploitable extrait (PDF probablement scanné/image, sans couche de texte))
[2026-07-31 20:24:18] Téléchargé: 20230427_-_etats_financiers_syscohada_exercice_2022_-_cie_ci.pdf
[2026-07-31 20:24:20] Téléchargé: 20230427_-_etats_financiers_par_secteur_syscohada_exercice_2022_-_cie_ci.pdf
[2026-07-31 20:24:24] Téléchargé: 20221031_-_rapport_dactivite_-_1er_semestre_2022_-_cie_ci.pdf
[2026-07-31 20:24:24] Échec extraction: CIE CÔTE D'IVOIRE : Rapport d'activité du 1er semestre 2022 (Aucun texte exploitable extrait (PDF probablement scanné/image, sans couche de texte))
[2026-07-31 20:24:26] Téléchargé: 20220603_-_etat_financier_exercice_2021_-_cie.pdf
[2026-07-31 20:24:27] Échec extraction: CIE CI : Etats financiers Exercice 2021 (pdftotext a échoué (code 1): Syntax Error: Document stream is empty)
[2026-07-31 20:24:28] Téléchargé: 20220429_-_etats_financiers_ifrs_exercice_2021_-_cie.pdf
[2026-07-31 20:24:30] Téléchargé: 20220429_-_etats_financiers_syscohada_exercice_2021_-_cie.pdf
[2026-07-31 20:24:30] --- ECOC (ecobank-ci) ---
[2026-07-31 20:24:30] Scraping des rapports pour 'ecobank-ci': https://www.brvm.org/fr/rapports-societe-cotes/ecobank-ci
[2026-07-31 20:24:32] 20 rapport(s) trouvé(s) pour 'ecobank-ci'
[2026-07-31 20:24:36] Téléchargé: 20260429_-_rapport_dactivites_-_1er_trimestre_2026_-_ecobank_ci.pdf
[2026-07-31 20:24:39] Téléchargé: 20260414_-_rapport_dactivites_et_etats_financiers_-_exercice_2025_-_ecobank_ci.pdf
[2026-07-31 20:24:42] Téléchargé: 20251028_-_rapport_dactivites_-_3eme_trimestre_2025_-_ecobank_ci.pdf
[2026-07-31 20:24:42] Échec extraction: ECOBANK CÔTE D'IVOIRE : Rapport d'activités - 3ème trimestre 2025 (Aucun texte exploitable extrait (PDF probablement scanné/image, sans couche de texte))
[2026-07-31 20:24:45] Téléchargé: 20250902_-_rapport_dactivites_-_1er_semestre_2025_-_ecobank_ci.pdf
[2026-07-31 20:24:47] Téléchargé: 20250425_-_rapport_dactivites_-_1er_trimestre_2025_-_ecobank_ci.pdf
[2026-07-31 20:24:47] Échec extraction: ECOBANK CI : Rapport d'activités - 1er trimestre 2025 (Aucun texte exploitable extrait (PDF probablement scanné/image, sans couche de texte))
[2026-07-31 20:24:50] Téléchargé: 20250325_-_rapport_dactivites_annuel_-_exercice_2024_-_ecobank_ci_annule_et_remplace_le_precedent.pdf
[2026-07-31 20:24:53] Téléchargé: 20250320_-_rapport_dactivites_annuel_-_exercice_2024_-_ecobank_ci.pdf
[2026-07-31 20:24:55] Téléchargé: 20241030_-_rapport_dactivites_-_3eme_trimestre_2024_-_ecobank_ci_annule_et_remplace_le_precedent.pdf
[2026-07-31 20:24:57] Téléchargé: 20241030_-_rapport_dactivites_-_3eme_trimestre_2024_-_ecobank_ci.pdf
[2026-07-31 20:24:59] Téléchargé: 20240919_-_rapport_dactivites_-_1er_semestre_2024_-_ecobank_ci.pdf
[2026-07-31 20:25:01] Téléchargé: 20240328_-_resultats_financiers_-_exercice_2023_-_ecobank_ci.pdf
[2026-07-31 20:25:05] Téléchargé: 20231031_-_rapport_dactivites_et_attestation_des_cac_-_1er_semestre_2023_-_ecobank_ci.pdf
[2026-07-31 20:25:07] Téléchargé: 20231025_-_rapport_dactivites_-_3eme_trimestre_2023_-_ecobank_ci.pdf
[2026-07-31 20:25:07] Échec extraction: ECOBANK CI : Rapport d'activités du 3ème trimestre 2023 (Aucun texte exploitable extrait (PDF probablement scanné/image, sans couche de texte))
[2026-07-31 20:25:10] Téléchargé: 20230911_-_rapport_dactivites_-_1er_semestre_2023_-_ecobank_ci.pdf
[2026-07-31 20:25:10] Échec extraction: ECOBANK CÔTE D'IVOIRE : Rapport d'activités du 1er Semestre 2023 (Aucun texte exploitable extrait (PDF probablement scanné/image, sans couche de texte))
[2026-07-31 20:25:13] Téléchargé: 20230428_-_rapport_dactivite_-_1er_trimestre_2023_-_ecobank_ci_annule_et_remplace_le_precedent.pdf
[2026-07-31 20:25:13] Échec extraction: ECOBANK CI : Rapport d'activité du 1er trimestre 2023 (Annule et remplace le précédent) (Aucun texte exploitable extrait (PDF probablement scanné/image, sans couche de texte))
[2026-07-31 20:25:15] Téléchargé: 20230427_-_rapport_dactivite_-_1er_trimestre_2023_-_ecobank_ci.pdf
[2026-07-31 20:25:15] Échec extraction: ECOBANK CI : Rapport d'activité du 1er trimestre 2023 (Aucun texte exploitable extrait (PDF probablement scanné/image, sans couche de texte))
[2026-07-31 20:25:19] Téléchargé: 20230405_-_etats_financiers_exercice_2022_-_ecobank_ci.pdf
[2026-07-31 20:25:21] Téléchargé: 20221102_-_rapport_dactivite_-_3eme_trimestre_2022_-_ecobank_ci.pdf
[2026-07-31 20:25:24] Téléchargé: 20221018_-_attestation_des_commissaires_aux_comptes_et_rapport_dactivites_du_1er_semestre_2022_-_ecobank_ci.pdf
[2026-07-31 20:25:24] Échec extraction: ECOBANK CI : Attestation des Commissaires Aux Comptes et rapport d'activités du 1er semestre 2022 (Aucun texte exploitable extrait (PDF probablement scanné/image, sans couche de texte))
[2026-07-31 20:25:24] --- FTSC (filtisac-ci) ---
[2026-07-31 20:25:24] Scraping des rapports pour 'filtisac-ci': https://www.brvm.org/fr/rapports-societe-cotes/filtisac-ci
[2026-07-31 20:25:26] 20 rapport(s) trouvé(s) pour 'filtisac-ci'
[2026-07-31 20:25:29] Téléchargé: 20260610_-_etats_financiers_-_exercice_2025_-_filtisac_ci.pdf
[2026-07-31 20:25:29] Échec extraction: FILTISAC CI : Etats financiers - Exercice 2025 (pdftotext a échoué (code 1): Syntax Error: Document stream is empty)
[2026-07-31 20:25:31] Téléchargé: 20251031_-_rapport_dactivites_-_3eme_trimestre_2025_-_filtisac_ci.pdf
[2026-07-31 20:25:31] Échec extraction: FILTISAC CÔTE D'IVOIRE : Rapport d'activités - 3ème trimestre 2025 (pdftotext a échoué (code 1): Syntax Error: Document stream is empty)
[2026-07-31 20:25:33] Téléchargé: 20251031_-_rapport_dactivites_-_1er_semestre_2025_-_filtisac_ci.pdf
[2026-07-31 20:25:33] Échec extraction: FILTISAC CÔTE D'IVOIRE : Rapport d'activités - 1er semestre 2025 (pdftotext a échoué (code 1): Syntax Error: Document stream is empty)
[2026-07-31 20:25:35] Téléchargé: 20250523_-_etats_financiers_-_exercice_2024_-_filtisac_ci.pdf
[2026-07-31 20:25:35] Échec extraction: FILTISAC CÔTE D'IVOIRE : Etats financiers - Exercice 2024 (pdftotext a échoué (code 1): Syntax Error: Document stream is empty)
[2026-07-31 20:25:37] Téléchargé: 20250523_-_rapport_dactivites_-_1er_trimestre_2025_-_filtisac_ci.pdf
[2026-07-31 20:25:37] Échec extraction: FILTISAC CÔTE D'IVOIRE : Rapport d'activités du 1er trimestre 2025 (pdftotext a échoué (code 1): Syntax Error: Document stream is empty)
[2026-07-31 20:25:39] Téléchargé: 20241031_-_rapport_dactivites_-_3eme_trimestre_2024_-_filtisac_ci.pdf
[2026-07-31 20:25:39] Échec extraction: FILTISAC CI : Rapport d'activités - 3ème trimestre 2024 (pdftotext a échoué (code 1): Syntax Error: Document stream is empty)
[2026-07-31 20:25:41] Téléchargé: 20241031_-_rapport_dactivites_atteste_par_les_cacs_-_1er_semestre_2024_-_filtisac_ci.pdf
[2026-07-31 20:25:41] Échec extraction: FILTISAC CI : Rapport d'activités attesté par les Commissaires Aux Comptes - 1er semestre 2024 (pdftotext a échoué (code 1): Syntax Error: Document stream is empty)
[2026-07-31 20:25:43] Téléchargé: 20240513_-_etats_financiers_-_exercice_2023_-_filtisac_ci.pdf
[2026-07-31 20:25:43] Échec extraction: FILTISAC CI : Etats financiers - Exercice 2023 (pdftotext a échoué (code 1): Syntax Error: Invalid XRef entry 6 Internal Error: xref num 6 not found but needed, try to reconstruct Syntax Error: Couldn't find trailer dictionary Syntax Error: Invalid XRef entry 6 Syntax Error (522): Bad 'Length' attribute in stream Syntax Error: Invalid XRef entry 0 Syntax Error: Missing 'endstream' or incorrect stream length Syntax Error: Couldn't find trailer dictionary Syntax Error: Invalid XRef entry 6 Internal Error: xref num 6 not found but needed, try to reconstruct Syntax Error: Couldn't find trailer dictionary Syntax Error: Invalid XRef entry 6 Syntax Error (522): Bad 'Length' attribute in stream Syntax Error: Invalid XRef entry 0 Syntax Error: Missing 'endstream' or incorrect stream length Syntax Error: Couldn't find trailer dictionary Syntax Error: Couldn't read xref table)
[2026-07-31 20:25:45] Téléchargé: 20240513_-_rapport_dactivites_-_1er_trimestre_2024_-_filtisac_ci.pdf
[2026-07-31 20:25:45] Échec extraction: FILTISAC CI : Rapport d'activités du 1er trimestre 2024 (pdftotext a échoué (code 1): Syntax Error: Invalid XRef entry 6 Internal Error: xref num 6 not found but needed, try to reconstruct Syntax Error: Couldn't find trailer dictionary Syntax Error: Invalid XRef entry 6 Syntax Error (522): Bad 'Length' attribute in stream Syntax Error: Invalid XRef entry 0 Syntax Error: Missing 'endstream' or incorrect stream length Syntax Error: Couldn't find trailer dictionary Syntax Error: Invalid XRef entry 6 Internal Error: xref num 6 not found but needed, try to reconstruct Syntax Error: Couldn't find trailer dictionary Syntax Error: Invalid XRef entry 6 Syntax Error (522): Bad 'Length' attribute in stream Syntax Error: Invalid XRef entry 0 Syntax Error: Missing 'endstream' or incorrect stream length Syntax Error: Couldn't find trailer dictionary Syntax Error: Couldn't read xref table)
[2026-07-31 20:25:47] Téléchargé: 20231106_-_rapport_dactivites_-_3eme_trimestre_2023_-_filtisac_ci.pdf
[2026-07-31 20:25:47] Échec extraction: FILTISAC CÔTE D'IVOIRE : Rapport d'activités du 3ème trimestre 2023 (pdftotext a échoué (code 1): Syntax Error: Document stream is empty)
[2026-07-31 20:25:49] Téléchargé: 20231030_-_rapport_dactivites_-_1er_semestre_2023_-_filtisac_ci.pdf
[2026-07-31 20:25:49] Échec extraction: FILTISAC CI : Rapport d'activités - 1er Semestre 2023 (pdftotext a échoué (code 1): Syntax Error: Couldn't find trailer dictionary Syntax Error: Couldn't find trailer dictionary Syntax Error: Couldn't read xref table)
[2026-07-31 20:25:51] Téléchargé: 20230511_-_etats_financiers_exercice_2022_-_filtisac_ci.pdf
[2026-07-31 20:25:51] Échec extraction: FILTISAC CI : Etats financiers exercice 2022 (pdftotext a échoué (code 1): Syntax Error: Document stream is empty)
[2026-07-31 20:25:53] Téléchargé: 20230511-1_-_rapport_dactivite_-_1er_trimestre_2023_-_filtisac_ci.pdf
[2026-07-31 20:25:53] Échec extraction: FILTISAC CI : Rapport d'activité - 1er trimestre 2023 (pdftotext a échoué (code 1): Syntax Error: Document stream is empty)
[2026-07-31 20:25:55] Téléchargé: 20221104_-_rapport_dactivite_-_3eme_trimestre_2022_-_filtisac_ci.pdf
[2026-07-31 20:25:55] Échec extraction: FILTISAC CI : Rapport d'activité du 3ème trimestre 2022 (pdftotext a échoué (code 1): Syntax Error: Document stream is empty)
[2026-07-31 20:25:57] Téléchargé: 20221011_-_rapport_dactivites_du_1er_semestre_2022_-_filtisac_ci.pdf
[2026-07-31 20:25:57] Échec extraction: FILTISAC CI : Rapport d'activités du 1er semestre 2022 (pdftotext a échoué (code 1): Syntax Error: Document stream is empty)
[2026-07-31 20:26:00] Téléchargé: 20220506_-_etats_financiers_exercice_2021_-_filtisac_ci.pdf
[2026-07-31 20:26:00] Échec extraction: FILTISAC CI : Etats financiers Exercice 2021 (Aucun texte exploitable extrait (PDF probablement scanné/image, sans couche de texte))
[2026-07-31 20:26:02] Téléchargé: 20220506_-_rapport_dactivite_-_1er_trimestre_2022_-_filtisac_ci.pdf
[2026-07-31 20:26:02] Échec extraction: FILTISAC CI : Rapport d'activités du 1er trimestre 2022 (Aucun texte exploitable extrait (PDF probablement scanné/image, sans couche de texte))
[2026-07-31 20:26:04] Téléchargé: 20211109_-_attestation_des_commissaires_aux_comptes_-_1er_semestre_2021_-_filtisac_ci.pdf
[2026-07-31 20:26:04] Échec extraction: FILTISAC CI : Attestation des commissaires aux comptes du 1er semestre 2021 (Aucun texte exploitable extrait (PDF probablement scanné/image, sans couche de texte))
[2026-07-31 20:26:06] Téléchargé: 20211029_-_rapport_dactivite_au_3eme_trimestre_2021_-_filtisac_ci.pdf
[2026-07-31 20:26:06] --- LNBB (lnb) ---
[2026-07-31 20:26:06] Scraping des rapports pour 'lnb': https://www.brvm.org/fr/rapports-societe-cotes/lnb
[2026-07-31 20:26:07] 6 rapport(s) trouvé(s) pour 'lnb'
[2026-07-31 20:26:10] Téléchargé: 20260507_-_rapport_dactivites_-_1er_trimestre_2026_-_lnb_bn.pdf
[2026-07-31 20:26:13] Téléchargé: 20260430_-_etats_financiers_-_exercice_2025_-_lnb_bn.pdf
[2026-07-31 20:26:16] Téléchargé: 20251027_-_rapport_dactivites_-_3eme_trimestre_2025_-_lnb_bn.pdf
[2026-07-31 20:26:20] Téléchargé: 20250926_-_rapport_dactivites_-_1er_semestre_2025_-_lnb_bn.pdf
[2026-07-31 20:26:23] Téléchargé: 20250602_-_etats_financiers_-_exercice_2024_-_lnb_bn.pdf
[2026-07-31 20:26:26] Téléchargé: 20250602_-_rapport_dactivites_-_1er_trimestre_2025_-_lnb_bn.pdf
[2026-07-31 20:26:26] --- NEIC (nei-ceda-ci) ---
[2026-07-31 20:26:26] Scraping des rapports pour 'nei-ceda-ci': https://www.brvm.org/fr/rapports-societe-cotes/nei-ceda-ci
[2026-07-31 20:26:28] 20 rapport(s) trouvé(s) pour 'nei-ceda-ci'
[2026-07-31 20:26:32] Téléchargé: 20260423_-_etats_financiers_syscohada_-_exercice_2025_-_nei_ceda_ci.pdf
[2026-07-31 20:26:34] Téléchargé: 20260423_-_rapport_dactivites_-_1er_trimestre_2026_-_nei_ceda_ci.pdf
[2026-07-31 20:26:36] Téléchargé: 20251104_-_rapport_dactivites_-_3eme_trimestre_2025_-_nei_ceda_ci.pdf
[2026-07-31 20:26:39] Téléchargé: 20250613_-_etats_financiers_approuves_-_exercice_2024_-_nei-ceda_ci.pdf
[2026-07-31 20:26:41] Téléchargé: 20250509_-_rapport_dactivites_-_1er_trimestre_2025_-_nei_ceda_ci.pdf
[2026-07-31 20:26:43] Téléchargé: 20250409_-_etats_financiers_-_exercice_2024_-_nei_ceda_ci.pdf
[2026-07-31 20:26:45] Téléchargé: 20241211_-_rapport_dactivites_-_3eme_trimestre_2024_-_nei-ceda_ci.pdf
[2026-07-31 20:26:48] Téléchargé: 20241029_-_rapport_dactivites_-_1er_semestre_2024_-_nei-ceda_ci.pdf
[2026-07-31 20:26:50] Téléchargé: 20241029_-_attestation_des_cacs_sur_le_rapport_dactivites_-_1er_semestre_2024_-_nei-ceda_ci.pdf
[2026-07-31 20:26:50] Échec extraction: NEI-CEDA CI : Attestation des Commissaires Aux Comptes sur le rapport d'activités - 1er semestre 2024 (Aucun texte exploitable extrait (PDF probablement scanné/image, sans couche de texte))
[2026-07-31 20:26:52] Téléchargé: 20241015_-_rapport_dactivites_-_1er_trimestre_2024_-_nei_ceda_ci.pdf
[2026-07-31 20:26:52] Échec extraction: NEI CEDA CI : Rapport d'activités - 1er trimestre 2024 (Aucun texte exploitable extrait (PDF probablement scanné/image, sans couche de texte))
[2026-07-31 20:26:54] Téléchargé: 20240422_-_etats_financiers_syscohada_-_exercice_2023_-_nei_ceda_ci.pdf
[2026-07-31 20:26:57] Téléchargé: 20231031_-_rapport_dactivites_-_1er_semestre_2023_-_nei-ceda_ci.pdf
[2026-07-31 20:26:59] Téléchargé: 20231031_-_rapport_dactivites_-_3eme_trimestre_2023_-_nei-ceda_ci.pdf
[2026-07-31 20:27:02] Téléchargé: 20230512_-_etats_financiers_exercice_2022_-_nei-ceda_ci.pdf
[2026-07-31 20:27:04] Téléchargé: 20230512_-_rapport_dactivite_-_1er_trimestre_2023_-_nei-ceda_ci_1.pdf
[2026-07-31 20:27:06] Téléchargé: 20221102_-_rapport_dactivite_-_3eme_trimestre_2022_-_nei_ceda_ci.pdf
[2026-07-31 20:27:06] Échec extraction: NEI-CEDA CI : Rapport d'activité du 3ème trimestre 2022 (Aucun texte exploitable extrait (PDF probablement scanné/image, sans couche de texte))
[2026-07-31 20:27:09] Téléchargé: 20221031_-_attestation_des_commissaires_aux_comptes_et_rapport_dactivite_-_1er_semestre_2022_-_nei_ceda_ci.pdf
[2026-07-31 20:27:09] Échec extraction: NEI CEDA CI : Attestation des Commissaires Aux Comptes et rapport d'activité du 1er semestre 2022 (Aucun texte exploitable extrait (PDF probablement scanné/image, sans couche de texte))
[2026-07-31 20:27:11] Téléchargé: 20220429_-_etats_financiers_exercice_2021_-_nei-ceda_ci.pdf
[2026-07-31 20:27:11] Échec extraction: NEI-CEDA : Etats financiers exercice 2021 (pdftotext a échoué (code 1): Syntax Error: Invalid XRef entry 0 Syntax Error: Missing 'endstream' or incorrect stream length Syntax Error: Couldn't find trailer dictionary Syntax Error: Invalid XRef entry 0 Syntax Error: Missing 'endstream' or incorrect stream length Syntax Error: Couldn't find trailer dictionary Syntax Error: Couldn't read xref table)
[2026-07-31 20:27:11] Échec extraction: NEI-CEDA : Rapport d'activité 1er trimestre 2022 (Aucun texte exploitable extrait (PDF probablement scanné/image, sans couche de texte))
[2026-07-31 20:27:14] Téléchargé: 20211109_-_attestation_des_commissaires_aux_comptes_-_1er_semestre_2021_-_nei-ceda_ci.pdf
[2026-07-31 20:27:14] Échec extraction: NEI-CEDA CI : Attestation des commissaires aux comptes du 1er semestre 2021 (Aucun texte exploitable extrait (PDF probablement scanné/image, sans couche de texte))
[2026-07-31 20:27:14] --- NTLC (nestle-ci) ---
[2026-07-31 20:27:14] Scraping des rapports pour 'nestle-ci': https://www.brvm.org/fr/rapports-societe-cotes/nestle-ci
[2026-07-31 20:27:16] 20 rapport(s) trouvé(s) pour 'nestle-ci'
[2026-07-31 20:27:19] Téléchargé: 20260430_-_etats_financiers_-_exercice_2025_-_nestle_ci.pdf
[2026-07-31 20:27:19] Échec extraction: NESTLE CI - Etats financiers - Exercice 2025 (pdftotext a échoué (code 1): Syntax Error: Document stream is empty)
[2026-07-31 20:27:21] Téléchargé: 20260430_-_rapport_dactivites_-_1er_trimestre_2026_-_nestle_ci.pdf
[2026-07-31 20:27:23] Téléchargé: 20251030_-_rapport_dactivites_-_1er_semestre_2025_-_nestle_ci.pdf
[2026-07-31 20:27:25] Téléchargé: 20251030_-_rapport_dactivites_-_3eme_trimestre_2025_-_nestle_ci.pdf
[2026-07-31 20:27:28] Téléchargé: 20250505_-_etats_financiers_-_exercice_2024_-_nestle_ci_annule_et_remplace_le_precedent.pdf
[2026-07-31 20:27:30] Téléchargé: 20250502_-_etats_financiers_-_exercice_2024_-_nestle_ci.pdf
[2026-07-31 20:27:32] Téléchargé: 20250502_-_rapport_dactivites_-_1er_trimestre_2025_-_nestle_ci.pdf
[2026-07-31 20:27:34] Téléchargé: 20241122_-_attestation_des_cacs_sur_le_rapport_dactivites_-_1er_semestre_2024_-_nestle_ci.pdf
[2026-07-31 20:27:36] Téléchargé: 20241029_-_rapport_dactivites_-_3eme_trimestre_2024_-_nestle_ci.pdf
[2026-07-31 20:27:38] Téléchargé: 20241028_-_rapport_dactivites_-_1er_semestre_2024_-_nestle_ci.pdf
[2026-07-31 20:27:40] Téléchargé: 20240521_-_etats_financiers_-_exercice_2023_-_nestle_ci.pdf
[2026-07-31 20:27:42] Téléchargé: 20240502_-_rapport_dactivites_-_1er_trimestre_2024_-_nestle_ci.pdf
[2026-07-31 20:27:44] Téléchargé: 20240425_-_etats_financiers_-_exercice_2023_-_nestle_ci.pdf
[2026-07-31 20:27:46] Téléchargé: 20231030_-_rapport_dactivites_-_3eme_trimestre_2023_-_nestle_ci.pdf
[2026-07-31 20:27:48] Téléchargé: 20230928_-_rapport_dactivites_-_1er_semestre_2023_-_nestle_ci.pdf
[2026-07-31 20:27:50] Téléchargé: 20230425_-_rapport_dactivite_-_1er_trimestre_2023_-_nestle_ci.pdf
[2026-07-31 20:27:52] Téléchargé: 20221121_-_attestation_des_commissaires_aux_comptes_-_1er_semestre_2022_-_nestle_ci.pdf
[2026-07-31 20:27:52] Échec extraction: NESTLE CI : Attestation des Commissaires Aux Comptes du 1er semestre 2022 (Aucun texte exploitable extrait (PDF probablement scanné/image, sans couche de texte))
[2026-07-31 20:27:54] Téléchargé: 20221019_-_rapport_dactivite_-_3ieme_trimestre_2022_-_nestle_ci.pdf
[2026-07-31 20:27:56] Téléchargé: 20220930_-_rapport_dactivite_du_1er_semestre_2022_-_nestle_ci.pdf
[2026-07-31 20:27:56] --- ONTBF (onatel-bf) ---
[2026-07-31 20:27:56] Scraping des rapports pour 'onatel-bf': https://www.brvm.org/fr/rapports-societe-cotes/onatel-bf
[2026-07-31 20:27:58] 20 rapport(s) trouvé(s) pour 'onatel-bf'
[2026-07-31 20:28:01] Téléchargé: 20260611_-_etats_financiers_approuves_-_exercice_2025_-_onatel_bf.pdf
[2026-07-31 20:28:05] Téléchargé: 20260611_-_rapport_de_gestion_-_exercice_2025_-_onatel_bf.pdf
[2026-07-31 20:28:07] Téléchargé: 20260430_-_rapport_dactivites_-_1er_trimestre_2026_-_onatel_bf.pdf
[2026-07-31 20:28:07] Échec extraction: MOOV BF (ONATEL) : Rapport d'activités - 1er trimestre 2026 (Aucun texte exploitable extrait (PDF probablement scanné/image, sans couche de texte))
[2026-07-31 20:28:09] Téléchargé: 20260409_-_etats_financiers_-_exercice_2025_-_onatel_bf.pdf
[2026-07-31 20:28:12] Téléchargé: 20251029_-_rapport_dactivites_-_3eme_trimestre_2025_-_onatel_bf.pdf
[2026-07-31 20:28:12] Échec extraction: MOOV BURKINA FASO (EX ONATEL BURKINA FASO) : Rapport d'activités - 3ème trimestre 2025 (Aucun texte exploitable extrait (PDF probablement scanné/image, sans couche de texte))
[2026-07-31 20:28:17] Téléchargé: 20250903_-_rapport_dactivites_-_1er_semestre_2025_-_onatel_bf.pdf
[2026-07-31 20:28:22] Téléchargé: 20250718_-_etats_financiers_certifies_et_approuves_exercice_2024_-_onatel_bf.pdf
[2026-07-31 20:28:27] Téléchargé: 20250718_-_rapport_annuel_de_gestion_-_exercice_2024_-_onatel_bf.pdf
[2026-07-31 20:28:31] Téléchargé: 20250505_-_etats_financiers_-_exercice_2024_-_onatel_bf.pdf
[2026-07-31 20:28:34] Téléchargé: 20250502_-_rapport_dactivites_-_1er_trimestre_2025_-_onatel_bf.pdf
[2026-07-31 20:28:34] Échec extraction: ONATEL BF : Rapport d'activités - 1er trimestre 2025 (Aucun texte exploitable extrait (PDF probablement scanné/image, sans couche de texte))
[2026-07-31 20:28:37] Téléchargé: 20241104_-_rapport_dactivites_-_3eme_trimestre_2024_-_onatel_bf.pdf
[2026-07-31 20:28:37] Échec extraction: MOOV AFRICA (ex ONATEL) BURKINA FASO : Rapport d'activités - 3ème trimestre 2024 (Aucun texte exploitable extrait (PDF probablement scanné/image, sans couche de texte))
[2026-07-31 20:28:42] Téléchargé: 20240911_-_rapport_dactivites_du_1er_semestre_2024_-_exercice_2024_-_onatel_bf.pdf
[2026-07-31 20:28:42] Échec extraction: MOOV AFRICA BURKINA FASO (Ex ONATEL BF) : Rapport d’activités du 1er semestre 2024 – Exercice 2024 (Aucun texte exploitable extrait (PDF probablement scanné/image, sans couche de texte))
[2026-07-31 20:28:48] Téléchargé: 20240710_-_rapport_annuel_-_exercice_2023_-_onatel_bf.pdf
[2026-07-31 20:28:51] Téléchargé: 20240426_-_rapport_dactivites_-_1er_trimestre_2024_-_onatel_bf.pdf
[2026-07-31 20:28:51] Échec extraction: ONATEL BF : Rapport d'activités - 1er trimestre 2024 (Aucun texte exploitable extrait (PDF probablement scanné/image, sans couche de texte))
[2026-07-31 20:28:53] Téléchargé: 20240419_-_etats_financiers_provisoires_certifies_par_les_cac_-_exercice_2023_-_onatel_bf.pdf
[2026-07-31 20:28:56] Téléchargé: 20240404_-_resultats_financiers_-_exercice_2023_-_onatel_bf.pdf
[2026-07-31 20:28:56] Échec extraction: ONATEL BURKINA FASO : Résultats financiers - Exercice 2023 (Aucun texte exploitable extrait (PDF probablement scanné/image, sans couche de texte))
[2026-07-31 20:28:58] Téléchargé: 20231026_-_rapport_dactivites_-_3eme_trimestre_2023_-_onatel_bf.pdf
[2026-07-31 20:28:58] Échec extraction: ONATEL BF : Rapport d'activités du 3ème trimestre 2023 (Aucun texte exploitable extrait (PDF probablement scanné/image, sans couche de texte))
[2026-07-31 20:29:03] Téléchargé: 20231026_-_rapport_dactivites_et_attestation_des_cac_-_1er_semestre_2023_-_onatel_bf.pdf
[2026-07-31 20:29:03] Échec extraction: ONATEL BF : Rapport d'activités et Attestation des Commissaire Aux Compte sur le Rapport d'activités du 1er semestre 2023 (Aucun texte exploitable extrait (PDF probablement scanné/image, sans couche de texte))
[2026-07-31 20:29:05] Téléchargé: 20230720_-_etats_financiers_certifies_et_approuves_exercice_2022_-_onatel_bf.pdf
[2026-07-31 20:29:05] --- ORAC (orange-ci) ---
[2026-07-31 20:29:05] Scraping des rapports pour 'orange-ci': https://www.brvm.org/fr/rapports-societe-cotes/orange-ci
[2026-07-31 20:29:07] 20 rapport(s) trouvé(s) pour 'orange-ci'
[2026-07-31 20:29:10] Téléchargé: 20260608_-_etats_financiers_approuves_-_exercice_2025_-_orange_ci.pdf
[2026-07-31 20:29:17] Téléchargé: 20260520_-_rapport_annuel_integre_-_exercice_2025_-_orange_ci.pdf
[2026-07-31 20:29:19] Téléchargé: 20260430_-_rapport_dactivites_-_1er_trimestre_2026_-_orange_ci.pdf
[2026-07-31 20:29:21] Téléchargé: 20251024_-_rapport_dactivites_-_3eme_trimestre_2025_-_orange_ci.pdf
[2026-07-31 20:29:23] Téléchargé: 20251023_-_attestation_des_cacs_et_rapport_dactivites_-_1er_semestre_2025_-_orange_ci.pdf
[2026-07-31 20:29:25] Téléchargé: 20251023_-_rapport_dactivites_-1er_semestre_2025_-_orange_ci.pdf
[2026-07-31 20:29:32] Téléchargé: 20250721_-_rapport_rse_2024_-_orange_ci.pdf
[2026-07-31 20:29:37] Téléchargé: 20250416_-_rapport_annuel_integre_-_exercice_2024_-_orange_ci.pdf
[2026-07-31 20:29:39] Téléchargé: 20250411_-_rapport_dactivites_-_1er_trimestre_2025_-_orange_ci.pdf
[2026-07-31 20:29:41] Téléchargé: 20250221_-_etats_financiers_-_exercice_2024_-_orange_ci.pdf
[2026-07-31 20:29:43] Téléchargé: 20241028_-_attestation_des_cacs_sur_le_rapport_dactivites_-_1er_semestre_2024_-_orange_ci.pdf
[2026-07-31 20:29:45] Téléchargé: 20241028_-_rapport_dactivites_-_3eme_trimestre_2024_-_orange_ci.pdf
[2026-07-31 20:29:47] Téléchargé: 20241025_-_rapport_dactivites_-_1er_semestre_2024_-_orange_ci.pdf
[2026-07-31 20:29:53] Téléchargé: 20240716_-_rapport_rse_-_exercice_2023_-_orange_ci.pdf
[2026-07-31 20:29:56] Téléchargé: 20240430_-_rapport_dactivites_-_1er_trimestre_2024_-_orange_ci.pdf
[2026-07-31 20:30:05] Téléchargé: 20240422_-_rapport_annuel_integre_-_exercice_2023_-_orange_ci.pdf
[2026-07-31 20:30:08] Téléchargé: 20231030_-_rapport_dactivites_-_3eme_trimestre_2023_-_orange_ci.pdf
[2026-07-31 20:30:08] --- ORGT (oragroup) ---
[2026-07-31 20:30:08] Scraping des rapports pour 'oragroup': https://www.brvm.org/fr/rapports-societe-cotes/oragroup
[2026-07-31 20:30:13] 20 rapport(s) trouvé(s) pour 'oragroup'
[2026-07-31 20:30:16] Téléchargé: 20260504_-_etats_financiers_-_exercice_2025_-_oragroup_tg.pdf
[2026-07-31 20:30:18] Téléchargé: 20260430_-_rapport_dactivites_annuel_-_exercice_2025_-_oragroup_tg.pdf
[2026-07-31 20:30:20] Téléchargé: 20260430_-_rapport_dactivites_-_1er_trimestre_2026_-_oragroup_tg_0.pdf
[2026-07-31 20:30:20] Échec extraction: ORAGROUP TG : Rapport d'activités - 1er trimestre 2026 (Aucun texte exploitable extrait (PDF probablement scanné/image, sans couche de texte))
[2026-07-31 20:30:22] Téléchargé: 20251022_-_rapport_dactivites_-_3eme_trimestre_2025_-_oragroup_tg.pdf
[2026-07-31 20:30:24] Téléchargé: 20251001_-_attestation_des_commissaires_aux_comptes_sur_le_rapport_dactivites_-_1er_semestre_2025_-_oragroup_tg.pdf
[2026-07-31 20:30:26] Téléchargé: 20250922_-_rapport_dactivites_-_1er_semestre_2025_-_oragroup_tg.pdf
[2026-07-31 20:30:29] Téléchargé: 20250430_-_etats_financiers_-_exercice_2024_-_oragroup_tg.pdf
[2026-07-31 20:30:29] Échec extraction: ORAGROUP TOGO : Etats financiers - Exercice 2024 (Aucun texte exploitable extrait (PDF probablement scanné/image, sans couche de texte))
[2026-07-31 20:30:31] Téléchargé: 20241025_-_rapport_dactivites_-_3eme_trimestre_2024_-_oragroup_tg.pdf
[2026-07-31 20:30:34] Téléchargé: 20240930_-_rapport_dactivites_-_1er_semestre_2024_-_oragroup_tg.pdf
[2026-07-31 20:30:34] Échec extraction: ORAGROUP TOGO : Rapport d'activités du 1er semestre 2024 (Aucun texte exploitable extrait (PDF probablement scanné/image, sans couche de texte))
[2026-07-31 20:30:36] Téléchargé: 20240429_-_etats_financiers_-_exercice_2023_-_oragroup_togo.pdf
[2026-07-31 20:30:39] Téléchargé: 20231030_-_rapport_dactivites_et_attestation_des_cac_-_1er_semestre_2023_-_oragroup_togo.pdf
[2026-07-31 20:30:40] Téléchargé: 20231030_-_rapport_dactivites_-_3eme_trimestre_2023_-_oragroup_togo.pdf
[2026-07-31 20:30:42] Téléchargé: 20230426_-_etats_financiers_exercice_2022_-_oragroup_tg.pdf
[2026-07-31 20:30:44] Téléchargé: 20230426_-_rapport_dactivite_-_1er_trimestre_2023_-_oragroup_tg.pdf
[2026-07-31 20:30:46] Téléchargé: 20221025_-_rapport_dactivite_-_3eme_trimestre_2022_-_oragroup_tg.pdf
[2026-07-31 20:30:50] Téléchargé: 20220926_-_attestation_cac_sur_le_rapport_dactivites_1er_semestre_2022_-_oragroup_tg.pdf
[2026-07-31 20:30:50] Échec extraction: ORAGROUP TOGO : Attestation des Commissaires Aux Comptes sur le Rapport d'activités du 1er semestre 2022 (pdftotext a échoué (code 1): Syntax Error: Document stream is empty)
[2026-07-31 20:30:50] Échec extraction: ORAGROUP TOGO : Rapport d'activités du 1er semestre 2022 (Aucun texte exploitable extrait (PDF probablement scanné/image, sans couche de texte))
[2026-07-31 20:30:52] Téléchargé: 20220426_-_etats_financiers_exercice_2021_-_oragroup_tg.pdf
[2026-07-31 20:30:53] Téléchargé: 20220426_-_rapport_dactivite_-_1er_trimestre_2022_-_oragroup_tg.pdf
[2026-07-31 20:30:53] --- PALC (palm-ci) ---
[2026-07-31 20:30:53] Scraping des rapports pour 'palm-ci': https://www.brvm.org/fr/rapports-societe-cotes/palm-ci
[2026-07-31 20:30:55] 20 rapport(s) trouvé(s) pour 'palm-ci'
[2026-07-31 20:30:58] Téléchargé: 20260429_-_rapport_dactivites_-_1er_trimestre_2026_-_palm_ci.pdf
[2026-07-31 20:30:58] Échec extraction: PALM CI : Rapport d'activités - 1er trimestre 2026 (pdftotext a échoué (code 1): Syntax Error: Document stream is empty)
[2026-07-31 20:31:00] Téléchargé: 20260323_-_etats_financiers_-_exercice_2025_-_palm_ci.pdf
[2026-07-31 20:31:00] Échec extraction: PALM CI - Etats financiers - Exercice 2025 (pdftotext a échoué (code 1): Syntax Error: Invalid XRef entry 0 Syntax Error: Missing 'endstream' or incorrect stream length Syntax Error (28672): Unexpected end of file in flate stream Syntax Error: Couldn't find trailer dictionary Syntax Error: Invalid XRef entry 0 Syntax Error: Missing 'endstream' or incorrect stream length Syntax Error (28672): Unexpected end of file in flate stream Syntax Error: Couldn't find trailer dictionary Syntax Error: Couldn't read xref table)
[2026-07-31 20:31:02] Téléchargé: 20251029_-_rapport_dactivites_-_3eme_trimestre_2025_-_palm_ci.pdf
[2026-07-31 20:31:02] Échec extraction: PALM CÔTE D'IVOIRE : Rapport d'activités - 3ème trimestre 2025 (pdftotext a échoué (code 1): Syntax Error: Document stream is empty)
[2026-07-31 20:31:04] Téléchargé: 20251016_-_attestation_des_commissaires_aux_comptes_et_rapport_dactivites_-_1er_semestre_2025_-_palm_ci.pdf
[2026-07-31 20:31:04] Échec extraction: PALM CÔTE D'IVOIRE : Attestation des Commissaires Aux Comptes et Rapport d'activités - 1er semestre 2025 (pdftotext a échoué (code 99): Syntax Error: Invalid XRef entry 0 Syntax Error: Missing 'endstream' or incorrect stream length Internal Error: xref num 26 not found but needed, try to reconstruct Syntax Error: Invalid XRef entry 0 Syntax Error: Missing 'endstream' or incorrect stream length Syntax Error: Top-level pages object is wrong type (null) Command Line Error: Wrong page range given: the first page (1) can not be after the last page (0).)
[2026-07-31 20:31:10] Téléchargé: 20250626_-_rapport_annuel_-_exercice_2024_-_palm_ci.pdf
[2026-07-31 20:31:12] Téléchargé: 20250418_-_rapport_dactivites_-_1er_trimestre_2025_-_palm_ci.pdf
[2026-07-31 20:31:12] Échec extraction: PALM CÔTE D'IVOIRE : Rapport d'activités - 1er trimestre 2025 (pdftotext a échoué (code 1): Syntax Error: Document stream is empty)
[2026-07-31 20:31:15] Téléchargé: 20250417_-_etats_financiers_provisoires_valides_par_le_ca_-_exercice_2024_-_palm_ci.pdf
[2026-07-31 20:31:15] Échec extraction: PALM CÔTE D'IVOIRE : Etats financiers provisoires validés par le Conseil d'Administration - Exercice 2024 (pdftotext a échoué (code 1): Syntax Error: Document stream is empty)
[2026-07-31 20:31:16] Téléchargé: 20241105_-_rapport_dactivites_-_3eme_trimestre_2024_-_palm_ci.pdf
[2026-07-31 20:31:16] Échec extraction: PALM CI : Rapport d'activités - 3ème trimestre 2024 (pdftotext a échoué (code 1): Syntax Error: Document stream is empty)
[2026-07-31 20:31:18] Téléchargé: 20241015_-_rapport_dactivites_certifie_par_les_cacs_-_1er_semestre_2024_-_palm_ci.pdf
[2026-07-31 20:31:18] Échec extraction: PALM CI : Rapport d'activités certifié par les Commissaires Aux Comptes - 1er semestre 2024 (pdftotext a échoué (code 1): Syntax Error: Document stream is empty)
[2026-07-31 20:31:25] Téléchargé: 20240924_-_rapport_rse_-_exercice_2023_-_palm_ci.pdf
[2026-07-31 20:31:30] Téléchargé: 20231130_-_rapport_dactivites_et_attestation_des_cac_-_1er_semestre_2023_-_palm_ci.pdf
[2026-07-31 20:31:30] Échec extraction: PALM CI : Rapport d'activités et Attestation des Commissaires Aux Comptes - 1er Semestre 2023 (pdftotext a échoué (code 1): Syntax Error: Document stream is empty)
[2026-07-31 20:31:32] Téléchargé: 20231130_-_rapport_dactivites_-_3eme_trimestre_2023_-_palm_ci.pdf
[2026-07-31 20:31:40] Téléchargé: 20231121_-_rapport_rse_-_palm_ci_-_exercice_2022.pdf
[2026-07-31 20:31:45] Téléchargé: 20230425_-_etats_financiers_exercice_2022_-_palm_ci.pdf
[2026-07-31 20:31:45] Échec extraction: PALM CÔTE D'IVOIRE : États financiers exercice 2022 (Aucun texte exploitable extrait (PDF probablement scanné/image, sans couche de texte))
[2026-07-31 20:31:47] Téléchargé: 20230425_-_rapport_dactivite_-_1er_trimestre_2023_-_palm_ci.pdf
[2026-07-31 20:31:47] Échec extraction: PALM CÔTE D'IVOIRE : Rapport d'activité du 1er trimestre 2023 (Aucun texte exploitable extrait (PDF probablement scanné/image, sans couche de texte))
[2026-07-31 20:31:49] Téléchargé: 20221031_-_rapport_dactivite_-_3eme_trimestre_2022_-_palm_ci.pdf
[2026-07-31 20:31:51] Téléchargé: 20221018_-_attestation_des_commissaires_aux_comptes_et_rapport_dactivites_du_1er_semestre_2022_-_palm_ci.pdf
[2026-07-31 20:31:51] Échec extraction: PALM CI : Attestation des Commissaires Aux Comptes et rapport d'activités du 1er semestre 2022 (Aucun texte exploitable extrait (PDF probablement scanné/image, sans couche de texte))
[2026-07-31 20:31:53] Téléchargé: 20220426_-_etats_financiers_exercice_2021_-_palm_ci.pdf
[2026-07-31 20:31:53] Échec extraction: PALM CI : Etats financiers exercice 2021 (Aucun texte exploitable extrait (PDF probablement scanné/image, sans couche de texte))
[2026-07-31 20:31:55] Téléchargé: 20220426_-_rapport_dactivite_-_1er_trimestre_2022_-_palm_ci.pdf
[2026-07-31 20:31:55] Échec extraction: PALM CI : Rapport d'activité du 1er trimestre 2022 (Aucun texte exploitable extrait (PDF probablement scanné/image, sans couche de texte))
[2026-07-31 20:31:57] Téléchargé: 20211020_-_rapport_dactivite_au_3eme_trimestre_2021_-_palm_ci.pdf
[2026-07-31 20:31:57] --- SAFC (safca-ci) ---
[2026-07-31 20:31:57] Scraping des rapports pour 'safca-ci': https://www.brvm.org/fr/rapports-societe-cotes/safca-ci
[2026-07-31 20:31:59] 20 rapport(s) trouvé(s) pour 'safca-ci'
[2026-07-31 20:32:02] Téléchargé: 20260609_-_etats_financiers_-_exercice_2025_-_safca_ci_annule_et_remplace_le_precedent.pdf
[2026-07-31 20:32:02] Échec extraction: SAFCA CI : Etats financiers - Exercice 2025 - (Annule et remplace le précédent) (pdftotext a échoué (code 1): Syntax Error: Document stream is empty)
[2026-07-31 20:32:04] Téléchargé: 20260602_-_etats_financiers_-_exercice_2025_-_safca_ci.pdf
[2026-07-31 20:32:04] Échec extraction: SAFCA CI : Etats financiers - Exercice 2025 (pdftotext a échoué (code 1): Syntax Error: Document stream is empty)
[2026-07-31 20:32:06] Téléchargé: 20260511_-_rapport_dactivites_-_1er_trimestre_2026_-_safca_ci.pdf
[2026-07-31 20:32:06] Échec extraction: SAFCA CI : Rapport d'activités - 1er trimestre 2026 (pdftotext a échoué (code 1): Syntax Error: Document stream is empty)
[2026-07-31 20:32:08] Téléchargé: 20260423_-_rapport_dactivites_au_4eme_trimestre_2025_-_safca_ci.pdf
[2026-07-31 20:32:08] Échec extraction: ALIOS FINANCE (SAFCA CI) : Rapport d'activités au 4ème trimestre 2025 (pdftotext a échoué (code 1): Syntax Error: Document stream is empty)
[2026-07-31 20:32:10] Téléchargé: 20250729_-_rapport_dactivites_-_2eme_trimestre_2025_-_safca_ci.pdf
[2026-07-31 20:32:10] Échec extraction: SAFCA CÔTE D'IVOIRE : Rapport d'activités - 2eme trimestre 2025 (pdftotext a échoué (code 1): Syntax Error: Document stream is empty)
[2026-07-31 20:32:14] Téléchargé: 20250703_-_etats_finaniers_-_exercice_2024_-_safca_ci.pdf
[2026-07-31 20:32:14] Échec extraction: SAFCA CÔTE D'IVOIRE : Etats financiers - Exercice 2024 (Aucun texte exploitable extrait (PDF probablement scanné/image, sans couche de texte))
[2026-07-31 20:32:15] Téléchargé: 20260703_-_rapport_dactivites_-_4e_trimestre_2024_-_safca_ci.pdf
[2026-07-31 20:32:15] Échec extraction: SAFCA CÔTE D'IVOIRE : Rapport d'activités du 4è trimestre 2024 (pdftotext a échoué (code 1): Syntax Error: Document stream is empty)
[2026-07-31 20:32:17] Téléchargé: 20260703_-_rapport_des_commissaires_aux_comptes_sur_les_etats_financiers_-_exercice_2024-_safca_ci.pdf
[2026-07-31 20:32:17] Échec extraction: SAFCA CÔTE D'IVOIRE :  Rapport des Commissaires Aux Comptes sur les Etats Financiers - Exercice 2024 (pdftotext a échoué (code 1): Syntax Error: Document stream is empty)
[2026-07-31 20:32:19] Téléchargé: 20250502_-_rapport_dactivites_-_1er_trimestre_2025_-_safca_ci.pdf
[2026-07-31 20:32:20] Échec extraction: SAFCA CI : Rapport d'activités - 1er trimestre 2025 (pdftotext a échoué (code 1): Syntax Error: Document stream is empty)
